zone_id,map_id,region_id,value01,value02,value03,value04,center_x,center_y,center_z,radius,dest_zone_id,dest_map_id,dest_x,dest_y,dest_z
1,1,1,0,0,0,0,-630,49,-816,100,0,1,-630,-816,49
1,1,2,0,0,0,0,-4981,0,1759,50,0,1,-4981,1759,0
1,1,3,0,2,0,0,3573,644,4010,100,2,2,3400,4691,0
1,1,4,0,2,0,0,3527,621,3849,50,2,2,3400,4691,0
1,1,5,0,75,0,0,-1018,245,621,20,75,75,0,439,0
1,1,6,0,75,0,0,-1018,239,583,10,75,75,0,439,0
2,2,1,0,0,0,0,3404,0,4450,50,0,2,3404,4450,0
2,2,2,0,0,0,0,-4511,0,3828,50,0,2,-4511,3828,0
2,2,3,0,1,0,0,3400,0,4691,100,1,1,3573,4010,644
2,2,4,0,1,0,0,3351,0,4475,50,1,1,3573,4010,644
2,2,5,0,3,0,0,-4551,2,4007,100,3,3,-88,-9471,0
2,2,6,0,3,0,0,-4544,0,3837,50,3,3,-88,-9471,0
2,2,7,0,46,0,0,-396,3,-2571,100,46,46,133,56,-19
2,2,8,0,46,0,0,-209,4,-2612,50,46,46,133,56,-19
2,2,9,0,49,0,0,1312,18,3077,100,49,49,143,-3089,-2
2,2,10,0,49,0,0,1475,0,2958,100,49,49,143,-3089,-2
3,3,1,0,0,0,0,-97,0,-9280,50,0,3,-97,-9280,0
3,3,2,0,0,0,0,-3227,50,-5621,50,0,3,-3227,-5621,50
3,3,3,0,2,0,0,-88,0,-9471,100,2,2,-4551,4007,2
3,3,4,0,2,0,0,-79,0,-9297,50,2,2,-4551,4007,2
3,3,5,0,4,0,0,-96,78,2508,100,4,4,-1135,-2551,0
3,3,6,0,4,0,0,-102,78,2333,50,4,4,-1135,-2551,0
3,3,7,0,16,0,0,1159,106,-534,100,16,16,3420,187,6
3,3,8,0,16,0,0,1000,104,-531,50,16,16,3420,187,6
3,3,9,0,51,0,0,-1916,92,-189,80,51,51,143,-3089,-2
3,3,10,0,51,0,0,-1726,86,-154,50,51,51,143,-3089,-2
4,4,1,0,0,0,0,-1048,0,-2363,50,0,4,-1048,-2363,0
4,4,2,0,0,0,0,336,0,1629,50,0,4,336,1629,0
4,4,3,0,3,0,0,-1135,0,-2551,100,3,3,-96,2508,78
4,4,4,0,3,0,0,-1061,0,-2391,50,3,3,-96,2508,78
4,4,5,0,5,0,0,1012,0,7295,100,5,5,-3568,-5275,8
4,4,6,0,5,0,0,1003,0,7136,50,5,5,-3568,-5275,8
4,4,7,0,17,0,0,3046,0,796,100,17,17,-1298,-115,0
4,4,8,0,17,0,0,2898,22,886,50,17,17,-1298,-115,0
4,4,9,0,53,0,0,-746,0,1485,80,53,53,143,-3089,-2
4,4,10,0,53,0,0,-575,0,1472,50,53,53,143,-3089,-2
5,5,1,0,0,0,0,-3578,11,-5094,50,0,5,-3578,-5094,11
5,5,2,0,0,0,0,524,116,-720,50,0,5,524,-720,116
5,5,3,0,4,0,0,-3568,8,-5275,100,4,4,1012,7295,0
5,5,4,0,4,0,0,-3564,11,-5102,50,4,4,1012,7295,0
5,5,5,0,38,0,0,-1267,78,7037,100,38,38,1157,-4426,1
5,5,6,0,38,0,0,-1262,85,6852,50,38,38,1157,-4426,1
5,5,7,0,19,0,0,-1188,10,3784,100,19,19,83,52,3
5,5,8,0,19,0,0,-1015,20,3812,50,19,19,83,52,3
5,5,9,0,93,0,0,-4366,7,-4588,100,93,93,-49,-6593,16
5,5,10,0,93,0,0,-4209,6,-4676,50,93,93,-49,-6593,16
5,5,11,0,112,0,0,-1497,15,-5284,50,112,112,0,-1431,0
5,5,12,0,112,0,0,-1483,25,-5081,50,112,112,0,-1431,0
6,6,1,0,0,0,0,-224,412,1574,100,0,6,-224,1574,412
6,6,2,0,0,0,0,-1311,397,-3155,100,0,6,-1311,-3155,397
6,6,3,0,7,0,0,-1138,397,-9526,100,7,7,-3564,3932,-18
6,6,4,0,7,0,0,-1144,397,-9348,50,7,7,-3564,3932,-18
6,6,5,0,76,0,0,193,527,2844,25,76,76,0,439,0
6,6,6,0,76,0,0,192,527,2789,20,76,76,0,439,0
7,7,1,0,0,0,0,-3563,-8,3715,100,0,7,-3563,3715,-8
7,7,2,0,0,0,0,2931,-19,-4164,100,0,7,2931,-4164,-19
7,7,3,0,8,0,0,3177,-18,-4164,100,8,8,-118,-4295,398
7,7,4,0,8,0,0,2973,-19,-4161,50,8,8,-118,-4295,398
7,7,5,0,6,0,0,-3564,-18,3932,100,6,6,-1138,-9526,397
7,7,6,0,6,0,0,-3568,-9,3728,50,6,6,-1138,-9526,397
7,7,7,0,47,0,0,-4246,60,1184,80,47,47,133,56,-19
7,7,8,0,47,0,0,-4091,27,1140,50,47,47,133,56,-19
7,7,9,0,49,0,0,1211,7,719,80,49,49,2634,-765,-8
7,7,10,0,49,0,0,1047,0,707,50,49,49,2634,-765,-8
8,8,1,0,0,0,0,-171,398,-4142,50,0,8,-171,-4142,398
8,8,2,0,0,0,0,-1647,398,-641,50,0,8,-1647,-641,398
8,8,3,0,7,0,0,-118,398,-4295,100,7,7,3177,-4164,-18
8,8,4,0,7,0,0,-190,398,-4150,50,7,7,3177,-4164,-18
8,8,5,0,9,0,0,5807,398,13462,100,9,9,-5658,-4733,1
8,8,6,0,9,0,0,5668,398,13405,50,9,9,-5658,-4733,1
8,8,7,0,22,0,0,-3573,398,5268,100,22,22,3420,187,6
8,8,8,0,22,0,0,-3505,398,5427,50,22,22,3420,187,6
8,8,9,0,51,0,0,-445,398,10281,80,51,51,2634,-765,-8
8,8,10,0,51,0,0,-635,398,10208,50,51,51,2634,-765,-8
9,9,1,0,0,0,0,-5498,0,-4737,50,0,9,-5498,-4737,0
9,9,2,0,0,0,0,-2590,10,-529,50,0,9,-2590,-529,10
9,9,3,0,8,0,0,-5658,1,-4733,100,8,8,5807,13462,398
9,9,4,0,8,0,0,-5502,1,-4773,50,8,8,5807,13462,398
9,9,5,0,10,0,0,2270,2,8260,100,10,10,2418,-4294,10
9,9,6,0,10,0,0,2262,0,8101,50,10,10,2418,-4294,10
9,9,7,0,23,0,0,-3320,0,1339,100,23,23,-1298,-115,0
9,9,8,0,23,0,0,-3176,3,1250,50,23,23,-1298,-115,0
9,9,9,0,53,0,0,2380,0,-2861,80,53,53,2634,-765,-8
9,9,10,0,53,0,0,2221,1,-2858,50,53,53,2634,-765,-8
10,10,1,0,0,0,0,2314,7,-4152,50,0,10,2314,-4152,7
10,10,2,0,0,0,0,331,0,-62,50,0,10,331,-62,0
10,10,3,0,9,0,0,2418,10,-4294,100,9,9,2270,8260,2
10,10,4,0,9,0,0,2338,12,-4146,50,9,9,2270,8260,2
10,10,5,0,38,0,0,-1598,6,3675,100,38,38,3302,-1235,0
10,10,6,0,38,0,0,-1511,0,3531,50,38,38,3302,-1235,0
10,10,7,0,25,0,0,-2383,11,-1946,100,25,25,83,52,3
10,10,8,0,25,0,0,-2213,11,-1925,50,25,25,83,52,3
10,10,9,0,93,0,0,1507,22,-3980,100,93,93,6112,-862,41
10,10,10,0,93,0,0,1415,61,-3792,50,93,93,6112,-862,41
10,10,11,0,113,0,0,1921,4,-2830,100,113,113,0,-1431,0
10,10,12,0,113,0,0,1742,10,-2714,50,113,113,0,-1431,0
11,11,1,0,0,0,0,-743,-388,2719,100,0,11,-743,2719,-388
11,11,2,0,0,0,0,-746,-371,-4530,100,0,11,-746,-4530,-371
11,11,3,0,12,0,0,-803,-398,-16625,100,12,12,5935,13301,0
11,11,4,0,12,0,0,-808,-398,-16454,50,12,12,5935,13301,0
11,11,5,0,77,0,0,-306,-398,1719,25,77,77,0,439,0
11,11,6,0,77,0,0,-356,-398,1718,25,77,77,0,439,0
12,12,1,0,0,0,0,5857,-6,13005,100,0,12,5857,13005,-6
12,12,2,0,0,0,0,-1112,-7,-2054,100,0,12,-1112,-2054,-7
12,12,3,0,13,0,0,-1131,-7,-2278,100,13,13,-1053,483,0
12,12,4,0,13,0,0,-1135,-8,-2036,100,13,13,-1053,483,0
12,12,5,0,11,0,0,5935,0,13301,100,11,11,-803,-16625,-398
12,12,6,0,11,0,0,5865,-6,13152,50,11,11,-803,-16625,-398
12,12,7,0,49,0,0,-604,-6,1279,80,49,49,-2463,-531,0
12,12,8,0,49,0,0,-702,-2,1152,50,49,49,-2463,-531,0
12,12,9,0,48,0,0,-2685,0,5132,80,48,48,133,56,-19
12,12,10,0,48,0,0,-2856,0,5123,50,48,48,133,56,-19
13,13,1,0,0,0,0,-1017,0,311,50,0,13,-1017,311,0
13,13,2,0,0,0,0,2323,21,-4398,50,0,13,2323,-4398,21
13,13,3,0,12,0,0,-1053,0,483,100,12,12,-1131,-2278,-7
13,13,4,0,12,0,0,-1050,0,321,50,12,12,-1131,-2278,-7
13,13,5,0,14,0,0,10573,0,-4460,100,14,14,2296,-4515,0
13,13,6,0,14,0,0,10500,0,-4638,50,14,14,2296,-4515,0
13,13,7,0,28,0,0,109,2,-5872,100,28,28,3420,187,6
13,13,8,0,28,0,0,234,0,-5707,50,28,28,3420,187,6
13,13,9,0,51,0,0,3152,2,-5576,80,51,51,-2463,-531,0
13,13,10,0,51,0,0,3152,3,-5729,50,51,51,-2463,-531,0
14,14,1,0,0,0,0,2295,0,-4342,50,0,14,2295,-4342,0
14,14,2,0,0,0,0,301,15,621,50,0,14,301,621,15
14,14,3,0,13,0,0,2296,0,-4515,100,13,13,10573,-4460,0
14,14,4,0,13,0,0,2250,0,-4348,50,13,13,10573,-4460,0
14,14,5,0,15,0,0,-984,0,4623,100,15,15,-1572,-4112,0
14,14,6,0,15,0,0,-1002,0,4437,50,15,15,-1572,-4112,0
14,14,7,0,29,0,0,-1466,0,481,100,29,29,-1298,-115,0
14,14,8,0,29,0,0,-1294,6,465,50,29,29,-1298,-115,0
14,14,9,0,53,0,0,1503,29,2722,80,53,53,-2463,-531,0
14,14,10,0,53,0,0,1371,11,2590,50,53,53,-2463,-531,0
15,15,1,0,0,0,0,-1568,0,-3932,50,0,15,-1568,-3932,0
15,15,2,0,0,0,0,-428,283,-191,50,0,15,-428,-191,283
15,15,3,0,14,0,0,-1572,0,-4112,100,14,14,-984,4623,0
15,15,4,0,14,0,0,-1536,0,-3941,50,14,14,-984,4623,0
15,15,5,0,38,0,0,1042,728,4945,100,38,38,-2022,-2797,4
15,15,6,0,38,0,0,1000,708,4783,50,38,38,-2022,-2797,4
15,15,7,0,31,0,0,-2025,311,5077,100,31,31,83,52,3
15,15,8,0,31,0,0,-1969,298,4906,50,31,31,83,52,3
15,15,9,0,93,0,0,-717,5,-3474,100,93,93,-5931,-350,20
15,15,10,0,93,0,0,-749,24,-3271,50,93,93,-5931,-350,20
15,15,11,0,114,0,0,-2195,4,-2743,100,114,114,0,-1431,0
15,15,12,0,114,0,0,-1981,13,-2687,50,114,114,0,-1431,0
16,16,1,0,0,0,0,3350,6,28,50,0,16,3350,28,6
16,16,2,0,0,0,0,2861,2,-312,50,0,16,2861,-312,2
16,16,3,0,3,0,0,3420,6,187,100,3,3,1159,-534,106
16,16,4,0,3,0,0,3367,3,21,50,3,3,1159,-534,106
17,17,1,0,0,0,0,-1294,0,75,50,0,17,-1294,75,0
17,17,2,0,0,0,0,-1220,0,1393,50,0,17,-1220,1393,0
17,17,3,0,4,0,0,-1298,0,-115,100,4,4,3046,796,0
17,17,4,0,4,0,0,-1241,0,51,50,4,4,3046,796,0
17,17,5,0,18,0,0,1779,0,3414,50,18,18,132,57,-19
17,17,6,0,18,0,0,1780,0,3306,50,18,18,132,57,-19
17,17,7,0,78,0,0,-939,0,1190,50,78,78,-1,461,6
17,17,8,0,78,0,0,-1031,0,1224,25,78,78,-1,461,6
18,18,1,0,0,0,0,292,-10,101,50,0,18,292,101,-10
18,18,2,0,0,0,0,2089,21,2561,50,0,18,2089,2561,21
18,18,3,0,17,0,0,132,-19,57,100,17,17,1779,3414,0
18,18,4,0,17,0,0,302,-9,64,50,17,17,1779,3414,0
18,18,5,0,86,0,0,2760,16,4186,50,86,86,0,438,0
18,18,6,0,86,0,0,2734,19,4113,20,86,86,0,438,0
19,19,1,0,0,0,0,249,0,2,50,0,19,249,2,0
19,19,2,0,0,0,0,677,11,888,50,0,19,677,888,11
19,19,3,0,5,0,0,83,3,52,100,5,5,-1188,3784,10
19,19,4,0,5,0,0,251,1,18,50,5,5,-1188,3784,10
19,19,5,0,20,0,0,2581,22,4159,100,20,20,-375,-682,0
19,19,6,0,20,0,0,2598,31,3985,50,20,20,-375,-682,0
20,20,1,0,0,0,0,-377,0,-520,50,0,20,-377,-520,0
20,20,2,0,0,0,0,164,0,-760,50,0,20,164,-760,0
20,20,3,0,19,0,0,-375,0,-682,100,19,19,2581,4159,22
20,20,4,0,19,0,0,-398,0,-514,50,19,19,2581,4159,22
20,20,5,0,21,0,0,2676,0,1159,100,21,21,1510,2547,0
20,20,6,0,21,0,0,2671,0,996,50,21,21,1510,2547,0
21,21,1,0,0,0,0,1338,0,2538,50,0,21,1338,2538,0
21,21,2,0,0,0,0,-1278,0,1397,50,0,21,-1278,1397,0
21,21,3,0,20,0,0,1510,0,2547,100,20,20,2676,1159,0
21,21,4,0,20,0,0,1339,0,2570,50,20,20,2676,1159,0
21,21,5,0,83,0,0,-1364,0,161,50,83,83,-1,461,6
21,21,6,0,83,0,0,-1293,0,168,20,83,83,-1,461,6
22,22,1,0,0,0,0,3350,6,28,50,0,22,3350,28,6
22,22,2,0,0,0,0,2861,2,-312,50,0,22,2861,-312,2
22,22,3,0,8,0,0,3420,6,187,100,8,8,-3573,5268,398
22,22,4,0,8,0,0,3367,3,21,50,8,8,-3573,5268,398
23,23,1,0,0,0,0,-1294,0,75,50,0,23,-1294,75,0
23,23,2,0,0,0,0,-1220,0,1393,50,0,23,-1220,1393,0
23,23,3,0,9,0,0,-1298,0,-115,100,9,9,-3320,1339,0
23,23,4,0,9,0,0,-1241,0,51,50,9,9,-3320,1339,0
23,23,5,0,24,0,0,1779,0,3414,50,24,24,132,57,-19
23,23,6,0,24,0,0,1780,0,3306,50,24,24,132,57,-19
23,23,7,0,79,0,0,-936,0,1184,50,79,79,-1,461,6
23,23,8,0,79,0,0,-946,0,1288,25,79,79,-1,461,6
24,24,1,0,0,0,0,292,-10,101,50,0,24,292,101,-10
24,24,2,0,0,0,0,2089,21,2561,50,0,24,2089,2561,21
24,24,3,0,23,0,0,132,-19,57,100,23,23,1779,3414,0
24,24,4,0,23,0,0,302,-9,63,50,23,23,1779,3414,0
24,24,5,0,87,0,0,2764,17,4159,50,87,87,0,438,0
24,24,6,0,87,0,0,2712,19,4105,25,87,87,0,438,0
25,25,1,0,0,0,0,249,0,2,50,0,25,249,2,0
25,25,2,0,0,0,0,677,11,888,50,0,25,677,888,11
25,25,3,0,10,0,0,83,3,52,100,10,10,-2383,-1946,11
25,25,4,0,10,0,0,251,1,18,50,10,10,-2383,-1946,11
25,25,5,0,26,0,0,2581,22,4159,100,26,26,-375,-682,0
25,25,6,0,26,0,0,2598,31,3985,50,26,26,-375,-682,0
26,26,1,0,0,0,0,-377,0,-520,50,0,26,-377,-520,0
26,26,2,0,0,0,0,164,0,-760,50,0,26,164,-760,0
26,26,3,0,25,0,0,-375,0,-682,100,25,25,2581,4159,22
26,26,4,0,25,0,0,-398,0,-514,50,25,25,2581,4159,22
26,26,5,0,27,0,0,2676,0,1159,100,27,27,1510,2547,0
26,26,6,0,27,0,0,2671,0,996,50,27,27,1510,2547,0
27,27,1,0,0,0,0,1338,0,2538,50,0,27,1338,2538,0
27,27,2,0,0,0,0,-1278,0,1397,50,0,27,-1278,1397,0
27,27,3,0,26,0,0,1510,0,2547,100,26,26,2676,1159,0
27,27,4,0,26,0,0,1339,0,2570,50,26,26,2676,1159,0
27,27,5,0,84,0,0,-1368,0,170,50,84,84,-1,461,6
27,27,6,0,84,0,0,-1293,0,164,20,84,84,-1,461,6
28,28,1,0,0,0,0,3350,6,28,50,0,28,3350,28,6
28,28,2,0,0,0,0,2861,2,-312,50,0,28,2861,-312,2
28,28,3,0,13,0,0,3420,6,187,100,13,13,109,-5872,2
28,28,4,0,13,0,0,3367,3,21,50,13,13,109,-5872,2
29,29,1,0,0,0,0,-1294,0,75,50,0,29,-1294,75,0
29,29,2,0,0,0,0,-1220,0,1393,50,0,29,-1220,1393,0
29,29,3,0,14,0,0,-1298,0,-115,100,14,14,-1466,481,0
29,29,4,0,14,0,0,-1241,0,51,50,14,14,-1466,481,0
29,29,5,0,30,0,0,1779,0,3414,50,30,30,132,57,-19
29,29,6,0,30,0,0,1780,0,3306,50,30,30,132,57,-19
29,29,7,0,80,0,0,-931,0,1197,50,80,80,-1,461,6
29,29,8,0,80,0,0,-1035,0,1223,25,80,80,-1,461,6
30,30,1,0,0,0,0,292,-10,101,50,0,30,292,101,-10
30,30,2,0,0,0,0,2089,21,2561,50,0,30,2089,2561,21
30,30,3,0,29,0,0,132,-19,57,100,29,29,1779,3414,0
30,30,4,0,29,0,0,302,-9,63,50,29,29,1779,3414,0
30,30,5,0,88,0,0,2765,17,4148,50,88,88,0,438,0
30,30,6,0,88,0,0,2708,20,4098,25,88,88,0,438,0
31,31,1,0,0,0,0,249,0,2,50,0,31,249,2,0
31,31,2,0,0,0,0,677,11,888,50,0,31,677,888,11
31,31,3,0,15,0,0,83,3,52,100,15,15,-2025,5077,311
31,31,4,0,15,0,0,251,1,18,50,15,15,-2025,5077,311
31,31,5,0,32,0,0,2581,22,4159,100,32,32,-375,-682,0
31,31,6,0,32,0,0,2598,31,3985,50,32,32,-375,-682,0
32,32,1,0,0,0,0,-377,0,-520,50,0,32,-377,-520,0
32,32,2,0,0,0,0,164,0,-760,50,0,32,164,-760,0
32,32,3,0,31,0,0,-375,0,-682,100,31,31,2581,4159,22
32,32,4,0,31,0,0,-398,0,-514,50,31,31,2581,4159,22
32,32,5,0,33,0,0,2676,0,1159,100,33,33,1510,2547,0
32,32,6,0,33,0,0,2671,0,996,50,33,33,1510,2547,0
33,33,1,0,0,0,0,1338,0,2538,50,0,33,1338,2538,0
33,33,2,0,0,0,0,-1278,0,1397,50,0,33,-1278,1397,0
33,33,3,0,32,0,0,1510,0,2547,100,32,32,2676,1159,0
33,33,4,0,32,0,0,1339,0,2570,50,32,32,2676,1159,0
33,33,5,0,85,0,0,-1364,0,166,50,85,85,-1,461,6
33,33,6,0,85,0,0,-1293,0,148,20,85,85,-1,461,6
37,37,1,0,0,0,0,-1999,0,5050,50,0,37,-1999,5050,0
37,37,2,0,0,0,0,411,0,5425,50,0,37,411,5425,0
38,38,1,0,0,0,0,443,15,-1343,100,0,38,443,-1343,15
38,38,2,0,0,0,0,2935,0,1210,100,0,38,2935,1210,0
38,38,3,0,5,0,0,1157,1,-4426,100,5,5,-1267,7037,78
38,38,4,0,5,0,0,868,0,-3941,100,5,5,-1267,7037,78
38,38,5,0,15,0,0,-2022,4,-2797,100,15,15,1042,4945,728
38,38,6,0,15,0,0,-1281,2,-2656,100,15,15,1042,4945,728
38,38,7,0,10,0,0,3302,0,-1235,100,10,10,-1598,3675,6
38,38,8,0,10,0,0,2680,0,-1288,100,10,10,-1598,3675,6
38,38,9,0,40,0,0,245,100,5713,100,40,40,3194,-7727,0
38,38,10,0,40,0,0,243,100,5532,50,40,40,3194,-7727,0
38,38,11,0,41,0,0,1657,101,5673,100,41,41,3194,-7727,0
38,38,12,0,41,0,0,1643,106,5499,50,41,41,3194,-7727,0
38,38,13,0,42,0,0,-1006,103,5659,100,42,42,3194,-7727,0
38,38,14,0,42,0,0,-1015,110,5497,50,42,42,3194,-7727,0
38,38,15,0,39,0,0,-1680,339,3722,100,39,39,-376,-707,0
38,38,16,0,39,0,0,-1507,343,3727,50,39,39,-376,-707,0
39,39,1,0,0,0,0,-375,0,-553,50,0,39,-375,-553,0
39,39,2,0,0,0,0,588,0,555,50,0,39,588,555,0
39,39,3,0,38,0,0,-376,0,-707,100,38,38,-1680,3722,339
39,39,4,0,38,0,0,-359,0,-548,50,38,38,-1680,3722,339
39,39,5,0,74,0,0,6920,0,1893,50,74,74,6,-171,0
39,39,6,0,74,0,0,6794,0,1892,50,74,74,6,-171,0
40,40,1,0,0,0,0,3011,1,-7685,50,0,40,3011,-7685,1
40,40,2,0,0,0,0,-732,1,-7207,50,0,40,-732,-7207,1
40,40,3,0,38,0,0,3194,0,-7727,100,38,38,245,5713,100
40,40,4,0,38,0,0,3039,0,-7639,50,38,38,245,5713,100
40,40,5,0,43,0,0,-1895,0,77,100,43,43,-29,-973,-8
40,40,6,0,43,0,0,-1765,0,-52,50,43,43,-29,-973,-8
40,40,7,0,64,0,0,-4232,5,-5262,100,64,64,2676,1159,0
40,40,8,0,64,0,0,-4156,6,-5093,50,64,64,2676,1159,0
40,40,9,0,62,0,0,529,0,-8966,100,62,62,-1298,-115,0
40,40,10,0,62,0,0,510,0,-8795,50,62,62,-1298,-115,0
41,41,1,0,0,0,0,3011,1,-7685,50,0,41,3011,-7685,1
41,41,2,0,0,0,0,-732,1,-7207,50,0,41,-732,-7207,1
41,41,3,0,38,0,0,3194,0,-7727,100,38,38,1657,5673,101
41,41,4,0,38,0,0,3039,0,-7639,50,38,38,1657,5673,101
41,41,5,0,44,0,0,-1895,0,77,100,44,44,-29,-973,-8
41,41,6,0,44,0,0,-1765,0,-52,50,44,44,-29,-973,-8
41,41,7,0,67,0,0,-4232,5,-5262,100,67,67,2676,1159,0
41,41,8,0,67,0,0,-4156,6,-5093,50,67,67,2676,1159,0
41,41,9,0,65,0,0,529,0,-8966,100,65,65,-1298,-115,0
41,41,10,0,65,0,0,510,0,-8795,50,65,65,-1298,-115,0
42,42,1,0,0,0,0,3011,1,-7685,50,0,42,3011,-7685,1
42,42,2,0,0,0,0,-732,1,-7207,50,0,42,-732,-7207,1
42,42,3,0,38,0,0,3194,0,-7727,100,38,38,-1006,5659,103
42,42,4,0,38,0,0,3039,0,-7639,50,38,38,-1006,5659,103
42,42,5,0,45,0,0,-1895,0,77,100,45,45,-29,-973,-8
42,42,6,0,45,0,0,-1765,0,-52,50,45,45,-29,-973,-8
42,42,7,0,70,0,0,-4232,5,-5262,100,70,70,2676,1159,0
42,42,8,0,70,0,0,-4156,6,-5093,50,70,70,2676,1159,0
42,42,9,0,68,0,0,529,0,-8966,100,68,68,-1298,-115,0
42,42,10,0,68,0,0,510,0,-8795,50,68,68,-1298,-115,0
43,43,1,0,0,0,0,9,-10,-721,50,0,43,9,-721,-10
43,43,2,0,0,0,0,-76,-5,2271,50,0,43,-76,2271,-5
43,43,3,0,40,0,0,-29,-8,-973,100,40,40,-1895,77,0
43,43,4,0,40,0,0,-5,-10,-792,50,40,40,-1895,77,0
43,43,5,0,56,0,0,48,-8,7616,100,56,56,-2439,1412,-38
43,43,6,0,56,0,0,36,-8,7417,50,56,56,-2439,1412,-38
44,44,1,0,0,0,0,9,-10,-721,50,0,44,9,-721,-10
44,44,2,0,0,0,0,-76,-5,2271,50,0,44,-76,2271,-5
44,44,3,0,41,0,0,-29,-8,-973,100,41,41,-1895,77,0
44,44,4,0,41,0,0,-5,-10,-792,50,41,41,-1895,77,0
44,44,5,0,57,0,0,48,-8,7616,100,57,57,-2439,1412,-38
44,44,6,0,57,0,0,36,-8,7417,50,57,57,-2439,1412,-38
45,45,1,0,0,0,0,9,-10,-721,50,0,45,9,-721,-10
45,45,2,0,0,0,0,-76,-5,2271,50,0,45,-76,2271,-5
45,45,3,0,42,0,0,-29,-8,-973,100,42,42,-1895,77,0
45,45,4,0,42,0,0,-5,-10,-792,50,42,42,-1895,77,0
45,45,5,0,58,0,0,48,-8,7616,100,58,58,-2439,1412,-38
45,45,6,0,58,0,0,36,-8,7417,50,58,58,-2439,1412,-38
46,46,1,0,0,0,0,312,-6,76,50,0,46,312,76,-6
46,46,2,0,0,0,0,660,20,895,50,0,46,660,895,20
46,46,3,0,2,0,0,133,-19,56,100,2,2,-396,-2571,3
46,46,4,0,2,0,0,289,-12,119,50,2,2,-396,-2571,3
47,47,1,0,0,0,0,312,-6,76,50,0,47,312,76,-6
47,47,2,0,0,0,0,660,20,895,50,0,47,660,895,20
47,47,3,0,7,0,0,133,-19,56,100,7,7,-4246,1184,60
47,47,4,0,7,0,0,289,-12,119,50,7,7,-4246,1184,60
48,48,1,0,0,0,0,312,-6,76,50,0,48,312,76,-6
48,48,2,0,0,0,0,660,20,895,50,0,48,660,895,20
48,48,3,0,12,0,0,133,-19,56,100,12,12,-2685,5132,0
48,48,4,0,12,0,0,289,-12,119,50,12,12,-2685,5132,0
49,49,1,0,0,0,0,255,-10,-2280,10,0,49,255,-2280,-10
49,49,2,0,0,0,0,-584,1,-1376,10,0,49,-584,-1376,1
49,49,3,0,2,0,0,143,-2,-3089,80,2,2,1312,3077,18
49,49,4,0,2,0,0,144,-11,-2937,50,2,2,1312,3077,18
49,49,5,0,12,0,0,-2463,0,-531,80,12,12,-604,1279,-6
49,49,6,0,12,0,0,-2304,-8,-546,50,12,12,-604,1279,-6
49,49,7,0,7,0,0,2634,-8,-765,80,7,7,1211,719,7
49,49,8,0,7,0,0,2487,-8,-729,50,7,7,1211,719,7
49,49,9,0,50,0,0,85,-1,506,80,50,50,1509,2549,0
49,49,10,0,50,0,0,67,-2,349,50,50,50,1509,2549,0
50,50,1,0,0,0,0,1323,0,2554,50,0,50,1323,2554,0
50,50,2,0,0,0,0,192,0,1786,50,0,50,192,1786,0
50,50,3,0,49,0,0,1509,0,2549,80,49,49,85,506,-1
50,50,4,0,49,0,0,1341,0,2554,50,49,49,85,506,-1
51,51,1,0,0,0,0,255,-10,-2280,10,0,51,255,-2280,-10
51,51,2,0,0,0,0,-584,1,-1376,10,0,51,-584,-1376,1
51,51,3,0,3,0,0,143,-2,-3089,80,3,3,-1916,-189,92
51,51,4,0,3,0,0,144,-11,-2937,50,3,3,-1916,-189,92
51,51,5,0,13,0,0,-2463,0,-531,80,13,13,3152,-5576,2
51,51,6,0,13,0,0,-2304,-8,-546,50,13,13,3152,-5576,2
51,51,7,0,8,0,0,2634,-8,-765,80,8,8,-445,10281,398
51,51,8,0,8,0,0,2487,-8,-729,50,8,8,-445,10281,398
51,51,9,0,52,0,0,85,-1,506,80,52,52,1510,2549,0
51,51,10,0,52,0,0,67,-2,349,50,52,52,1510,2549,0
52,52,1,0,0,0,0,1323,0,2554,50,0,52,1323,2554,0
52,52,2,0,0,0,0,192,0,1786,50,0,52,192,1786,0
52,52,3,0,51,0,0,1510,0,2549,80,51,51,85,506,-1
52,52,4,0,51,0,0,1341,0,2554,50,51,51,85,506,-1
53,53,1,0,0,0,0,255,-10,-2280,10,0,53,255,-2280,-10
53,53,2,0,0,0,0,-584,1,-1376,10,0,53,-584,-1376,1
53,53,3,0,4,0,0,143,-2,-3089,80,4,4,-746,1485,0
53,53,4,0,4,0,0,144,-11,-2937,50,4,4,-746,1485,0
53,53,5,0,14,0,0,-2463,0,-531,80,14,14,1503,2722,29
53,53,6,0,14,0,0,-2304,-8,-546,50,14,14,1503,2722,29
53,53,7,0,9,0,0,2634,-8,-765,80,9,9,2380,-2861,0
53,53,8,0,9,0,0,2487,-8,-729,50,9,9,2380,-2861,0
53,53,9,0,54,0,0,85,-1,506,80,54,54,1510,2549,0
53,53,10,0,54,0,0,67,-2,349,50,54,54,1510,2549,0
54,54,1,0,0,0,0,1323,0,2554,50,0,54,1323,2554,0
54,54,2,0,0,0,0,192,0,1786,50,0,54,192,1786,0
54,54,3,0,53,0,0,1510,0,2549,80,53,53,85,506,-1
54,54,4,0,53,0,0,1341,0,2554,50,53,53,85,506,-1
55,55,1,0,0,0,0,-838,-9,-776,50,0,55,-838,-776,-9
55,55,2,0,0,0,0,1964,-9,2387,50,0,55,1964,2387,-9
55,55,3,0,56,0,0,-535,-18,-4185,100,56,56,3411,6781,-4
55,55,4,0,56,0,0,-540,-9,-4017,50,56,56,3411,6781,-4
55,55,5,0,57,0,0,4493,-3,-2178,100,57,57,3411,6781,-4
55,55,6,0,57,0,0,4380,-1,-2058,50,57,57,3411,6781,-4
55,55,7,0,58,0,0,-5122,-4,-3514,100,58,58,3412,6785,-4
55,55,8,0,58,0,0,-4976,-2,-3437,50,58,58,3412,6785,-4
55,55,9,0,74,0,0,-218,1283,8387,1,74,74,25,4667,0
55,55,10,0,74,0,0,-204,-8,3967,50,74,74,25,4667,0
55,55,11,0,81,0,0,-214,12,7663,100,81,81,-214,7663,12
55,55,12,0,81,0,0,-220,-3,7489,50,81,81,-220,7489,-3
55,55,13,0,90,0,0,-4195,-24,7951,90,90,90,2,1228,0
55,55,14,0,90,0,0,-4198,-24,7739,50,90,90,2,1228,0
56,56,1,0,0,0,0,-2244,-38,1368,50,0,56,-2244,1368,-38
56,56,2,0,0,0,0,7436,-71,4323,50,0,56,7436,4323,-71
56,56,3,0,43,0,0,-2439,-38,1412,80,43,43,48,7616,-8
56,56,4,0,43,0,0,-2273,-43,1384,50,43,43,48,7616,-8
56,56,5,0,59,0,0,3226,-74,-615,100,59,59,1829,2014,0
56,56,6,0,59,0,0,3115,-77,-485,50,59,59,1829,2014,0
56,56,7,0,55,0,0,3411,-4,6781,100,55,55,-535,-4185,-18
56,56,8,0,55,0,0,3421,-4,6619,50,55,55,-535,-4185,-18
57,57,1,0,0,0,0,-2244,-38,1368,50,0,57,-2244,1368,-38
57,57,2,0,0,0,0,7436,-71,4323,50,0,57,7436,4323,-71
57,57,3,0,44,0,0,-2439,-38,1412,80,44,44,48,7616,-8
57,57,4,0,44,0,0,-2273,-43,1384,50,44,44,48,7616,-8
57,57,5,0,60,0,0,3226,-74,-615,100,60,60,1829,2014,0
57,57,6,0,60,0,0,3115,-77,-485,50,60,60,1829,2014,0
57,57,7,0,55,0,0,3411,-4,6781,100,55,55,4493,-2178,-3
57,57,8,0,55,0,0,3415,-4,6628,50,55,55,4493,-2178,-3
58,58,1,0,0,0,0,-2244,-38,1368,50,0,58,-2244,1368,-38
58,58,2,0,0,0,0,7436,-71,4323,50,0,58,7436,4323,-71
58,58,3,0,45,0,0,-2439,-38,1412,80,45,45,48,7616,-8
58,58,4,0,45,0,0,-2273,-43,1384,50,45,45,48,7616,-8
58,58,5,0,61,0,0,3226,-74,-615,100,61,61,1829,2014,0
58,58,6,0,61,0,0,3115,-77,-485,50,61,61,1829,2014,0
58,58,7,0,55,0,0,3412,-4,6785,100,55,55,-5122,-3514,-4
58,58,8,0,55,0,0,3415,-4,6630,50,55,55,-5122,-3514,-4
59,59,1,0,0,0,0,1830,0,1811,50,0,59,1830,1811,0
59,59,2,0,0,0,0,870,0,-554,50,0,59,870,-554,0
59,59,3,0,56,0,0,1829,0,2014,100,56,56,3226,-615,-74
59,59,4,0,56,0,0,1847,0,1822,50,56,56,3226,-615,-74
60,60,1,0,0,0,0,1830,0,1811,50,0,60,1830,1811,0
60,60,2,0,0,0,0,870,0,-554,50,0,60,870,-554,0
60,60,3,0,57,0,0,1829,0,2014,100,57,57,3226,-615,-74
60,60,4,0,57,0,0,1847,0,1822,50,57,57,3226,-615,-74
61,61,1,0,0,0,0,1830,0,1811,50,0,61,1830,1811,0
61,61,2,0,0,0,0,870,0,-554,50,0,61,870,-554,0
61,61,3,0,58,0,0,1829,0,2014,100,58,58,3226,-615,-74
61,61,4,0,58,0,0,1847,0,1822,50,58,58,3226,-615,-74
62,62,1,0,0,0,0,-1294,0,75,50,0,62,-1294,75,0
62,62,2,0,0,0,0,-1220,0,1393,50,0,62,-1220,1393,0
62,62,3,0,40,0,0,-1298,0,-115,100,40,40,529,-8966,0
62,62,4,0,40,0,0,-1241,0,51,50,40,40,529,-8966,0
62,62,5,0,63,0,0,1779,0,3414,50,63,63,83,52,3
62,62,6,0,63,0,0,1780,0,3306,50,63,63,83,52,3
63,63,1,0,0,0,0,249,0,2,50,0,63,249,2,0
63,63,2,0,0,0,0,677,11,888,50,0,63,677,888,11
63,63,3,0,62,0,0,83,3,52,100,62,62,1779,3414,0
63,63,4,0,62,0,0,251,1,18,50,62,62,1779,3414,0
63,63,5,0,64,0,0,2581,22,4159,100,64,64,-375,-682,0
63,63,6,0,64,0,0,2598,31,3985,50,64,64,-375,-682,0
64,64,1,0,0,0,0,-377,0,-520,50,0,64,-377,-520,0
64,64,2,0,0,0,0,164,0,-760,50,0,64,164,-760,0
64,64,3,0,63,0,0,-375,0,-682,100,63,63,2581,4159,22
64,64,4,0,63,0,0,-398,0,-514,50,63,63,2581,4159,22
64,64,5,0,40,0,0,2676,0,1159,100,40,40,-4232,-5262,5
64,64,6,0,40,0,0,2671,0,996,50,40,40,-4232,-5262,5
65,65,1,0,0,0,0,-1294,0,75,50,0,65,-1294,75,0
65,65,2,0,0,0,0,-1220,0,1393,50,0,65,-1220,1393,0
65,65,3,0,41,0,0,-1298,0,-115,100,41,41,529,-8966,0
65,65,4,0,41,0,0,-1241,0,51,50,41,41,529,-8966,0
65,65,5,0,66,0,0,1779,0,3414,50,66,66,83,52,3
65,65,6,0,66,0,0,1780,0,3306,50,66,66,83,52,3
66,66,1,0,0,0,0,249,0,2,50,0,66,249,2,0
66,66,2,0,0,0,0,677,11,888,50,0,66,677,888,11
66,66,3,0,65,0,0,83,3,52,100,65,65,1779,3414,0
66,66,4,0,65,0,0,251,1,18,50,65,65,1779,3414,0
66,66,5,0,67,0,0,2581,22,4159,100,67,67,-375,-682,0
66,66,6,0,67,0,0,2598,31,3985,50,67,67,-375,-682,0
67,67,1,0,0,0,0,-377,0,-520,50,0,67,-377,-520,0
67,67,2,0,0,0,0,164,0,-760,50,0,67,164,-760,0
67,67,3,0,66,0,0,-375,0,-682,100,66,66,2581,4159,22
67,67,4,0,66,0,0,-398,0,-514,50,66,66,2581,4159,22
67,67,5,0,41,0,0,2676,0,1159,100,41,41,-4232,-5262,5
67,67,6,0,41,0,0,2671,0,996,50,41,41,-4232,-5262,5
68,68,1,0,0,0,0,-1294,0,75,50,0,68,-1294,75,0
68,68,2,0,0,0,0,-1220,0,1393,50,0,68,-1220,1393,0
68,68,3,0,42,0,0,-1298,0,-115,100,42,42,529,-8966,0
68,68,4,0,42,0,0,-1241,0,51,50,42,42,529,-8966,0
68,68,5,0,69,0,0,1779,0,3414,50,69,69,83,52,3
68,68,6,0,69,0,0,1780,0,3306,50,69,69,83,52,3
69,69,1,0,0,0,0,249,0,2,50,0,69,249,2,0
69,69,2,0,0,0,0,677,11,888,50,0,69,677,888,11
69,69,3,0,68,0,0,83,3,52,100,68,68,1779,3414,0
69,69,4,0,68,0,0,251,1,18,50,68,68,1779,3414,0
69,69,5,0,70,0,0,2581,22,4159,100,70,70,-375,-682,0
69,69,6,0,70,0,0,2598,31,3985,50,70,70,-375,-682,0
70,70,1,0,0,0,0,-377,0,-520,50,0,70,-377,-520,0
70,70,2,0,0,0,0,164,0,-760,50,0,70,164,-760,0
70,70,3,0,69,0,0,-375,0,-682,100,69,69,2581,4159,22
70,70,4,0,69,0,0,-398,0,-514,50,69,69,2581,4159,22
70,70,5,0,42,0,0,2676,0,1159,100,42,42,-4232,-5262,5
70,70,6,0,42,0,0,2671,0,996,50,42,42,-4232,-5262,5
71,71,1,0,0,0,0,33,0,-300,50,0,71,33,-300,0
71,71,2,0,0,0,0,153,0,127,10,0,71,153,127,0
71,71,3,0,1,0,0,1,0,-499,100,1,1,1,-499,0
71,71,4,0,1,0,0,0,0,-299,50,1,1,0,-299,0
72,72,1,0,0,0,0,29,0,-585,50,0,72,29,-585,0
72,72,2,0,0,0,0,239,0,-117,10,0,72,239,-117,0
72,72,3,0,6,0,0,10,0,-748,100,6,6,10,-748,0
72,72,4,0,6,0,0,-1,0,-583,50,6,6,-1,-583,0
73,73,1,0,0,0,0,40,0,-478,10,0,73,40,-478,0
73,73,2,0,0,0,0,227,0,199,10,0,73,227,199,0
73,73,3,0,11,0,0,51,0,-643,100,11,11,51,-643,0
73,73,4,0,11,0,0,54,0,-476,50,11,11,54,-476,0
74,74,1,0,0,0,0,2,0,70,50,0,74,2,70,0
74,74,2,0,0,0,0,-739,0,1284,10,0,74,-739,1284,0
74,74,3,0,39,0,0,6,0,-171,100,39,39,6920,1893,0
74,74,4,0,39,0,0,9,0,-10,50,39,39,6920,1893,0
74,74,5,0,55,0,0,25,0,4667,100,55,55,-218,8387,1283
74,74,6,0,55,0,0,27,0,4488,50,55,55,-218,8387,1283
75,75,1,0,0,0,0,0,0,375,10,0,75,0,375,0
75,75,2,0,0,0,0,201,0,135,10,0,75,201,135,0
75,75,3,0,1,0,0,0,0,439,50,1,1,-1018,621,245
75,75,4,0,1,0,0,11,0,373,10,1,1,-1018,621,245
76,76,1,0,0,0,0,0,0,375,10,0,76,0,375,0
76,76,2,0,0,0,0,201,0,135,10,0,76,201,135,0
76,76,3,0,6,0,0,0,0,439,50,6,6,193,2844,527
76,76,4,0,6,0,0,12,0,373,10,6,6,193,2844,527
77,77,1,0,0,0,0,0,0,375,10,0,77,0,375,0
77,77,2,0,0,0,0,201,0,135,10,0,77,201,135,0
77,77,3,0,11,0,0,0,0,439,50,11,11,-306,1719,-398
77,77,4,0,11,0,0,11,0,373,10,11,11,-306,1719,-398
78,78,1,0,0,0,0,6,0,376,30,0,78,6,376,0
78,78,2,0,0,0,0,777,0,-1754,30,0,78,777,-1754,0
78,78,3,0,17,0,0,-1,6,461,50,17,17,-939,1190,0
78,78,4,0,17,0,0,1,0,372,30,17,17,-939,1190,0
79,79,1,0,0,0,0,6,0,376,30,0,79,6,376,0
79,79,2,0,0,0,0,777,0,-1754,30,0,79,777,-1754,0
79,79,3,0,23,0,0,-1,6,461,50,23,23,-936,1184,0
79,79,4,0,23,0,0,1,0,372,30,23,23,-936,1184,0
80,80,1,0,0,0,0,6,0,376,30,0,80,6,376,0
80,80,2,0,0,0,0,777,0,-1754,30,0,80,777,-1754,0
80,80,3,0,29,0,0,-1,6,461,50,29,29,-931,1197,0
80,80,4,0,29,0,0,1,0,372,30,29,29,-931,1197,0
81,81,1,0,0,0,0,1166,10,-835,10,0,81,1166,-835,10
81,81,2,0,0,0,0,-1247,331,-3098,10,0,81,-1247,-3098,331
82,82,1,0,0,0,0,-1885,25,-1398,10,0,82,-1885,-1398,25
82,82,2,0,0,0,0,-2128,411,-6318,10,0,82,-2128,-6318,411
83,83,1,0,0,0,0,6,0,376,30,0,83,6,376,0
83,83,2,0,0,0,0,777,0,-1754,30,0,83,777,-1754,0
83,83,3,0,21,0,0,-1,6,461,50,21,21,-1364,161,0
83,83,4,0,21,0,0,5,0,372,30,21,21,-1364,161,0
84,84,1,0,0,0,0,6,0,376,30,0,84,6,376,0
84,84,2,0,0,0,0,777,0,-1754,30,0,84,777,-1754,0
84,84,3,0,27,0,0,-1,6,461,50,27,27,-1368,170,0
84,84,4,0,27,0,0,19,0,380,30,27,27,-1368,170,0
85,85,1,0,0,0,0,6,0,376,30,0,85,6,376,0
85,85,2,0,0,0,0,777,0,-1754,30,0,85,777,-1754,0
85,85,3,0,33,0,0,-1,6,461,50,33,33,-1364,166,0
85,85,4,0,33,0,0,5,0,372,30,33,33,-1364,166,0
86,86,1,0,0,0,0,-1,0,370,10,0,86,-1,370,0
86,86,2,0,0,0,0,193,0,109,10,0,86,193,109,0
86,86,3,0,18,0,0,0,0,438,50,18,18,2760,4186,16
86,86,4,0,18,0,0,3,0,374,10,18,18,2760,4186,16
87,87,1,0,0,0,0,-1,0,370,10,0,87,-1,370,0
87,87,2,0,0,0,0,193,0,109,10,0,87,193,109,0
87,87,3,0,24,0,0,0,0,438,50,24,24,2764,4159,17
87,87,4,0,24,0,0,3,0,374,10,24,24,2764,4159,17
88,88,1,0,0,0,0,-1,0,370,10,0,88,-1,370,0
88,88,2,0,0,0,0,193,0,109,10,0,88,193,109,0
88,88,3,0,30,0,0,0,0,438,50,30,30,2765,4148,17
88,88,4,0,30,0,0,3,0,374,10,30,30,2765,4148,17
89,89,1,0,0,0,0,2156,823,-1799,10,0,89,2156,-1799,823
89,89,2,0,0,0,0,123,436,222,10,0,89,123,222,436
90,90,1,0,0,0,0,0,0,1381,10,0,90,0,1381,0
90,90,2,0,0,0,0,-1846,0,4430,10,0,90,-1846,4430,0
90,90,3,0,55,0,0,2,0,1228,50,55,55,-4195,7951,-24
90,90,4,0,55,0,0,5,0,1377,50,55,55,-4195,7951,-24
91,91,1,0,0,0,0,-34,24,-4078,10,0,91,-34,-4078,24
91,91,2,0,0,0,0,249,1,-1716,10,0,91,249,-1716,1
91,91,3,0,92,0,0,85,-1,502,100,92,92,85,502,-1
91,91,4,0,92,0,0,72,0,329,50,92,92,72,329,0
93,93,1,0,0,0,0,109,-11,-2496,10,0,93,109,-2496,-11
93,93,2,0,0,0,0,-639,4,-1013,10,0,93,-639,-1013,4
93,93,3,0,5,0,0,-49,16,-6593,100,5,5,-4366,-4588,7
93,93,4,0,5,0,0,-67,27,-6384,50,5,5,-4366,-4588,7
93,93,5,0,10,0,0,6112,41,-862,100,10,10,1507,-3980,22
93,93,6,0,10,0,0,5946,50,-872,50,10,10,1507,-3980,22
93,93,7,0,15,0,0,-5931,20,-350,100,15,15,-717,-3474,5
93,93,8,0,15,0,0,-5716,30,-341,50,15,15,-717,-3474,5
94,94,1,0,0,0,0,-3,0,-11,100,0,94,-3,-11,0
95,95,1,0,0,0,0,-3,0,-11,100,0,95,-3,-11,0
96,96,1,0,0,0,0,-3,0,-11,100,0,96,-3,-11,0
101,101,1,0,0,0,0,-679,21,-3566,10,0,101,-679,-3566,21
101,101,2,0,0,0,0,-3455,536,2395,10,0,101,-3455,2395,536
101,101,3,0,1,0,0,-751,0,-4926,80,1,1,-751,-4926,0
101,101,4,0,1,0,0,-759,15,-4732,80,1,1,-759,-4732,15
101,101,5,0,104,0,0,-7561,17,-5340,80,104,104,-1232,5653,0
101,101,6,0,104,0,0,-7365,8,-5346,80,104,104,-1232,5653,0
101,101,7,0,146,0,0,-7558,17,-5339,80,146,146,3271,-2143,0
101,101,8,0,146,0,0,-7364,8,-5350,80,146,146,3271,-2143,0
101,101,9,0,105,0,0,-7559,17,-5340,80,105,105,3271,-2143,0
101,101,10,0,105,0,0,-7370,7,-5358,80,105,105,3271,-2143,0
102,102,1,0,0,0,0,-679,21,-3566,10,0,102,-679,-3566,21
102,102,2,0,0,0,0,-3455,536,2395,10,0,102,-3455,2395,536
102,102,3,0,6,0,0,-751,0,-4926,80,6,6,-751,-4926,0
102,102,4,0,6,0,0,-759,15,-4732,80,6,6,-759,-4732,15
102,102,5,0,106,0,0,-7563,17,-5344,80,106,106,-1232,5653,0
102,102,6,0,106,0,0,-7361,7,-5359,80,106,106,-1232,5653,0
102,102,7,0,147,0,0,-7566,17,-5345,80,147,147,3271,-2143,0
102,102,8,0,147,0,0,-7359,7,-5361,80,147,147,3271,-2143,0
102,102,9,0,107,0,0,-7563,17,-5344,80,107,107,3271,-2143,0
102,102,10,0,107,0,0,-7368,6,-5375,80,107,107,3271,-2143,0
103,103,1,0,0,0,0,-679,21,-3566,10,0,103,-679,-3566,21
103,103,2,0,0,0,0,-3455,536,2395,10,0,103,-3455,2395,536
103,103,3,0,11,0,0,-751,0,-4926,80,11,11,-751,-4926,0
103,103,4,0,11,0,0,-759,15,-4732,80,11,11,-759,-4732,15
103,103,5,0,108,0,0,-7560,17,-5343,80,108,108,-1232,5653,0
103,103,6,0,108,0,0,-7354,8,-5347,80,108,108,-1232,5653,0
103,103,7,0,148,0,0,-7561,17,-5341,80,148,148,3271,-2143,0
103,103,8,0,148,0,0,-7352,9,-5345,80,148,148,3271,-2143,0
103,103,9,0,109,0,0,-7557,17,-5338,80,109,109,3271,-2143,0
103,103,10,0,109,0,0,-7354,8,-5347,80,109,109,3271,-2143,0
104,104,1,0,0,0,0,-1228,0,5819,10,0,104,-1228,5819,0
104,104,2,0,0,0,0,-327,0,3450,10,0,104,-327,3450,0
104,104,3,0,101,0,0,-1232,0,5653,50,101,101,-7561,-5340,17
104,104,4,0,101,0,0,-1227,0,5767,50,101,101,-7561,-5340,17
104,104,5,0,105,0,0,10048,0,-1538,50,105,105,10048,-1538,0
104,104,6,0,105,0,0,10049,0,-1405,50,105,105,10049,-1405,0
105,105,1,0,0,0,0,3271,0,-1944,10,0,105,3271,-1944,0
105,105,2,0,0,0,0,6934,0,-1141,10,0,105,6934,-1141,0
105,105,3,0,101,0,0,3271,0,-2143,50,101,101,-7559,-5340,17
105,105,4,0,101,0,0,3271,0,-2010,50,101,101,-7559,-5340,17
106,106,1,0,0,0,0,-1228,0,5819,10,0,106,-1228,5819,0
106,106,2,0,0,0,0,-327,0,3450,10,0,106,-327,3450,0
106,106,3,0,102,0,0,-1232,0,5653,50,102,102,-7563,-5344,17
106,106,4,0,102,0,0,-1227,0,5767,50,102,102,-7563,-5344,17
106,106,5,0,107,0,0,10048,0,-1538,50,107,107,10048,-1538,0
106,106,6,0,107,0,0,10049,0,-1405,50,107,107,10049,-1405,0
107,107,1,0,0,0,0,3271,0,-1944,10,0,107,3271,-1944,0
107,107,2,0,0,0,0,6934,0,-1141,10,0,107,6934,-1141,0
107,107,3,0,102,0,0,3271,0,-2143,50,102,102,-7563,-5344,17
107,107,4,0,102,0,0,3271,0,-2010,50,102,102,-7563,-5344,17
108,108,1,0,0,0,0,-1228,0,5819,10,0,108,-1228,5819,0
108,108,2,0,0,0,0,-327,0,3450,10,0,108,-327,3450,0
108,108,3,0,103,0,0,-1232,0,5653,50,103,103,-7560,-5343,17
108,108,4,0,103,0,0,-1227,0,5767,50,103,103,-7560,-5343,17
108,108,5,0,109,0,0,10048,0,-1538,50,109,109,10048,-1538,0
108,108,6,0,109,0,0,10049,0,-1405,50,109,109,10049,-1405,0
109,109,1,0,0,0,0,3271,0,-1944,10,0,109,3271,-1944,0
109,109,2,0,0,0,0,6934,0,-1141,10,0,109,6934,-1141,0
109,109,3,0,103,0,0,3271,0,-2143,50,103,103,-7557,-5338,17
109,109,4,0,103,0,0,3271,0,-2010,50,103,103,-7557,-5338,17
110,110,1,0,0,0,0,-52,0,-2243,10,0,110,-52,-2243,0
110,110,2,0,0,0,0,775,30,-1677,10,0,110,775,-1677,30
111,111,1,0,0,0,0,-52,0,-2243,10,0,111,-52,-2243,0
111,111,2,0,0,0,0,775,30,-1677,10,0,111,775,-1677,30
112,112,1,0,0,0,0,-2,0,-1225,10,0,112,-2,-1225,0
112,112,2,0,0,0,0,715,0,-575,10,0,112,715,-575,0
112,112,3,0,5,0,0,0,0,-1431,100,5,5,-1497,-5284,15
112,112,4,0,5,0,0,-1,0,-1224,50,5,5,-1497,-5284,15
113,113,1,0,0,0,0,-2,0,-1225,10,0,113,-2,-1225,0
113,113,2,0,0,0,0,715,0,-575,10,0,113,715,-575,0
113,113,3,0,10,0,0,0,0,-1431,100,10,10,1921,-2830,4
113,113,4,0,10,0,0,-1,0,-1224,50,10,10,1921,-2830,4
114,114,1,0,0,0,0,-2,0,-1225,10,0,114,-2,-1225,0
114,114,2,0,0,0,0,715,0,-575,10,0,114,715,-575,0
114,114,3,0,15,0,0,0,0,-1431,100,15,15,-2195,-2743,4
114,114,4,0,15,0,0,-1,0,-1224,50,15,15,-2195,-2743,4
115,115,1,0,0,0,0,2077,0,77,10,0,115,2077,77,0
115,115,2,0,0,0,0,1284,0,-3061,10,0,115,1284,-3061,0
116,116,1,0,0,0,0,1,0,-1201,10,0,116,1,-1201,0
116,116,2,0,0,0,0,4,0,4,10,0,116,4,4,0
117,117,1,0,0,0,0,1,0,-1201,10,0,117,1,-1201,0
117,117,2,0,0,0,0,4,0,4,10,0,117,4,4,0
118,118,1,0,0,0,0,1,0,-1201,10,0,118,1,-1201,0
118,118,2,0,0,0,0,4,0,4,10,0,118,4,4,0
119,119,1,0,0,0,0,0,0,-496,10,0,119,0,-496,0
119,119,2,0,0,0,0,397,0,-315,10,0,119,397,-315,0
119,119,3,0,1,0,0,-4,0,-631,49,1,1,-4,-631,0
119,119,4,0,1,0,0,0,0,-517,30,1,1,0,-517,0
119,119,5,0,6,0,0,-4,0,-629,46,6,6,-4,-629,0
119,119,6,0,6,0,0,-29,0,-520,30,6,6,-29,-520,0
119,119,7,0,11,0,0,-2,0,-634,49,11,11,-2,-634,0
119,119,8,0,11,0,0,26,0,-518,30,11,11,26,-518,0
120,120,1,0,0,0,0,10,0,-1544,53,0,120,10,-1544,0
120,120,2,0,0,0,0,-56,0,-632,53,0,120,-56,-632,0
120,120,3,0,1,0,0,20,0,-1785,53,1,1,20,-1785,0
120,120,4,0,1,0,0,14,0,-1576,53,1,1,14,-1576,0
120,120,5,0,6,0,0,-1,0,-1784,53,6,6,-1,-1784,0
120,120,6,0,6,0,0,-37,0,-1590,53,6,6,-37,-1590,0
120,120,7,0,11,0,0,65,0,-1766,53,11,11,65,-1766,0
120,120,8,0,11,0,0,67,0,-1584,53,11,11,67,-1584,0
121,121,1,0,0,0,0,10,0,-1544,53,0,121,10,-1544,0
121,121,2,0,0,0,0,-56,0,-632,53,0,121,-56,-632,0
121,121,3,0,1,0,0,20,0,-1785,53,1,1,20,-1785,0
121,121,4,0,1,0,0,14,0,-1576,53,1,1,14,-1576,0
121,121,5,0,6,0,0,-1,0,-1784,53,6,6,-1,-1784,0
121,121,6,0,6,0,0,-37,0,-1590,53,6,6,-37,-1590,0
121,121,7,0,11,0,0,65,0,-1766,53,11,11,65,-1766,0
121,121,8,0,11,0,0,67,0,-1584,53,11,11,67,-1584,0
122,122,1,0,0,0,0,10,0,-1544,53,0,122,10,-1544,0
122,122,2,0,0,0,0,-56,0,-632,53,0,122,-56,-632,0
122,122,3,0,1,0,0,20,0,-1785,53,1,1,20,-1785,0
122,122,4,0,1,0,0,14,0,-1576,53,1,1,14,-1576,0
122,122,5,0,6,0,0,-1,0,-1784,53,6,6,-1,-1784,0
122,122,6,0,6,0,0,-37,0,-1590,53,6,6,-37,-1590,0
122,122,7,0,11,0,0,65,0,-1766,53,11,11,65,-1766,0
122,122,8,0,11,0,0,67,0,-1584,53,11,11,67,-1584,0
123,123,1,0,0,0,0,10,0,-1544,53,0,123,10,-1544,0
123,123,2,0,0,0,0,-56,0,-632,53,0,123,-56,-632,0
123,123,3,0,1,0,0,20,0,-1785,53,1,1,20,-1785,0
123,123,4,0,1,0,0,14,0,-1576,53,1,1,14,-1576,0
123,123,5,0,6,0,0,-1,0,-1784,53,6,6,-1,-1784,0
123,123,6,0,6,0,0,-37,0,-1590,53,6,6,-37,-1590,0
123,123,7,0,11,0,0,65,0,-1766,53,11,11,65,-1766,0
123,123,8,0,11,0,0,67,0,-1584,53,11,11,67,-1584,0
124,124,1,0,0,0,0,0,36,-349,10,0,124,0,-349,36
124,124,2,0,0,0,0,-312,18,80,10,0,124,-312,80,18
124,124,3,0,1,0,0,0,36,-461,30,1,1,0,-461,36
124,124,4,0,1,0,0,0,36,-347,30,1,1,0,-347,36
124,124,5,0,6,0,0,-13,36,-459,30,6,6,-13,-459,36
124,124,6,0,6,0,0,-16,36,-348,30,6,6,-16,-348,36
124,124,7,0,11,0,0,24,36,-461,30,11,11,24,-461,36
124,124,8,0,11,0,0,26,36,-343,30,11,11,26,-343,36
125,125,1,0,0,0,0,-79,0,577,50,0,125,-79,577,0
125,125,2,0,0,0,0,-77,0,565,50,0,125,-77,565,0
125,125,3,0,1,0,0,-1552,-324,-5251,50,1,1,-1552,-5251,-324
125,125,4,0,1,0,0,-1563,-324,-5253,50,1,1,-1563,-5253,-324
125,125,5,0,6,0,0,6648,-240,-394,50,6,6,6648,-394,-240
125,125,6,0,6,0,0,6650,-240,-463,50,6,6,6650,-463,-240
125,125,7,0,11,0,0,-6780,-391,2563,50,11,11,-6780,2563,-391
125,125,8,0,11,0,0,-6779,-391,2601,50,11,11,-6779,2601,-391
126,126,1,0,0,0,0,-15,193,-5260,50,0,126,-15,-5260,193
126,126,2,0,0,0,0,-4036,193,-5668,50,0,126,-4036,-5668,193
126,126,3,0,1,0,0,4,192,-5686,83,1,1,4,-5686,192
126,126,4,0,1,0,0,-9,193,-5464,50,1,1,-9,-5464,193
127,127,1,0,0,0,0,-15,193,-5260,50,0,127,-15,-5260,193
127,127,2,0,0,0,0,-4036,193,-5668,50,0,127,-4036,-5668,193
127,127,3,0,1,0,0,4,192,-5686,83,1,1,4,-5686,192
127,127,4,0,1,0,0,-9,193,-5464,50,1,1,-9,-5464,193
128,128,1,0,0,0,0,-15,193,-5260,50,0,128,-15,-5260,193
128,128,2,0,0,0,0,-4036,193,-5668,50,0,128,-4036,-5668,193
128,128,3,0,1,0,0,4,192,-5686,83,1,1,4,-5686,192
128,128,4,0,1,0,0,-9,193,-5464,50,1,1,-9,-5464,193
129,129,1,0,0,0,0,-15,193,-5260,50,0,129,-15,-5260,193
129,129,2,0,0,0,0,-4036,193,-5668,50,0,129,-4036,-5668,193
129,129,3,0,1,0,0,4,192,-5686,83,1,1,4,-5686,192
129,129,4,0,1,0,0,-9,193,-5464,50,1,1,-9,-5464,193
130,130,1,0,0,0,0,-15,193,-5260,50,0,130,-15,-5260,193
130,130,2,0,0,0,0,-4036,193,-5668,50,0,130,-4036,-5668,193
130,130,3,0,6,0,0,4,192,-5686,83,6,6,4,-5686,192
130,130,4,0,6,0,0,-9,193,-5464,50,6,6,-9,-5464,193
131,131,1,0,0,0,0,-15,193,-5260,50,0,131,-15,-5260,193
131,131,2,0,0,0,0,-4036,193,-5668,50,0,131,-4036,-5668,193
131,131,3,0,6,0,0,4,192,-5686,83,6,6,4,-5686,192
131,131,4,0,6,0,0,-9,193,-5464,50,6,6,-9,-5464,193
132,132,1,0,0,0,0,-15,193,-5260,50,0,132,-15,-5260,193
132,132,2,0,0,0,0,-4036,193,-5668,50,0,132,-4036,-5668,193
132,132,3,0,6,0,0,4,192,-5686,83,6,6,4,-5686,192
132,132,4,0,6,0,0,-9,193,-5464,50,6,6,-9,-5464,193
133,133,1,0,0,0,0,-15,193,-5260,50,0,133,-15,-5260,193
133,133,2,0,0,0,0,-4036,193,-5668,50,0,133,-4036,-5668,193
133,133,3,0,6,0,0,4,192,-5686,83,6,6,4,-5686,192
133,133,4,0,6,0,0,-9,193,-5464,50,6,6,-9,-5464,193
134,134,1,0,0,0,0,-15,193,-5260,50,0,134,-15,-5260,193
134,134,2,0,0,0,0,-4036,193,-5668,50,0,134,-4036,-5668,193
134,134,3,0,11,0,0,4,192,-5686,83,11,11,4,-5686,192
134,134,4,0,11,0,0,-9,193,-5464,50,11,11,-9,-5464,193
135,135,1,0,0,0,0,-15,193,-5260,50,0,135,-15,-5260,193
135,135,2,0,0,0,0,-4036,193,-5668,50,0,135,-4036,-5668,193
135,135,3,0,11,0,0,4,192,-5686,83,11,11,4,-5686,192
135,135,4,0,11,0,0,-9,193,-5464,50,11,11,-9,-5464,193
136,136,1,0,0,0,0,-15,193,-5260,50,0,136,-15,-5260,193
136,136,2,0,0,0,0,-4036,193,-5668,50,0,136,-4036,-5668,193
136,136,3,0,11,0,0,4,192,-5686,83,11,11,4,-5686,192
136,136,4,0,11,0,0,-9,193,-5464,50,11,11,-9,-5464,193
137,137,1,0,0,0,0,-15,193,-5260,50,0,137,-15,-5260,193
137,137,2,0,0,0,0,-4036,193,-5668,50,0,137,-4036,-5668,193
137,137,3,0,11,0,0,4,192,-5686,83,11,11,4,-5686,192
137,137,4,0,11,0,0,-9,193,-5464,50,11,11,-9,-5464,193
138,138,1,0,0,0,0,654,0,-2641,50,0,138,654,-2641,0
138,138,2,0,0,0,0,-687,0,-2637,50,0,138,-687,-2637,0
138,138,3,0,1,0,0,-78,0,-6454,80,1,1,-78,-6454,0
138,138,4,0,1,0,0,-84,0,-6120,50,1,1,-84,-6120,0
138,138,5,0,6,0,0,6861,0,-673,80,6,6,6861,-673,0
138,138,6,0,6,0,0,6528,0,-693,50,6,6,6528,-693,0
138,138,7,0,11,0,0,-6761,0,-452,80,11,11,-6761,-452,0
138,138,8,0,11,0,0,-6338,0,-448,50,11,11,-6338,-448,0
139,139,1,0,0,0,0,654,0,-2641,50,0,139,654,-2641,0
139,139,2,0,0,0,0,-687,0,-2637,50,0,139,-687,-2637,0
139,139,3,0,1,0,0,-78,0,-6454,80,1,1,-78,-6454,0
139,139,4,0,1,0,0,-84,0,-6120,50,1,1,-84,-6120,0
139,139,5,0,6,0,0,6861,0,-673,80,6,6,6861,-673,0
139,139,6,0,6,0,0,6528,0,-693,50,6,6,6528,-693,0
139,139,7,0,11,0,0,-6761,0,-452,80,11,11,-6761,-452,0
139,139,8,0,11,0,0,-6338,0,-448,50,11,11,-6338,-448,0
140,140,1,0,0,0,0,-6,0,-1184,50,0,140,-6,-1184,0
140,140,2,0,0,0,0,-783,0,-1369,50,0,140,-783,-1369,0
140,140,3,0,1,0,0,-8,0,-1386,100,1,1,-8,-1386,0
140,140,4,0,1,0,0,-6,0,-1184,50,1,1,-6,-1184,0
141,141,1,0,0,0,0,-6,0,-1185,50,0,141,-6,-1185,0
141,141,2,0,0,0,0,-783,0,-1369,50,0,141,-783,-1369,0
141,141,3,0,6,0,0,-8,0,-1386,100,6,6,-8,-1386,0
141,141,4,0,6,0,0,-6,0,-1184,50,6,6,-6,-1184,0
142,142,1,0,0,0,0,-4,0,-1185,50,0,142,-4,-1185,0
142,142,2,0,0,0,0,-783,0,-1369,50,0,142,-783,-1369,0
142,142,3,0,11,0,0,-8,0,-1386,100,11,11,-8,-1386,0
142,142,4,0,11,0,0,-6,0,-1184,50,11,11,-6,-1184,0
146,146,1,0,0,0,0,3271,0,-1944,10,0,146,3271,-1944,0
146,146,2,0,0,0,0,6934,0,-1141,10,0,146,6934,-1141,0
146,146,3,0,101,0,0,3271,0,-2143,50,101,101,-7558,-5339,17
146,146,4,0,101,0,0,3271,0,-2010,50,101,101,-7558,-5339,17
147,147,1,0,0,0,0,3271,0,-1944,10,0,147,3271,-1944,0
147,147,2,0,0,0,0,6934,0,-1141,10,0,147,6934,-1141,0
147,147,3,0,102,0,0,3271,0,-2143,50,102,102,-7566,-5345,17
147,147,4,0,102,0,0,3271,0,-2010,50,102,102,-7566,-5345,17
148,148,1,0,0,0,0,3271,0,-1944,10,0,148,3271,-1944,0
148,148,2,0,0,0,0,6934,0,-1141,10,0,148,6934,-1141,0
148,148,3,0,103,0,0,3271,0,-2143,50,103,103,-7561,-5341,17
148,148,4,0,103,0,0,3271,0,-2010,50,103,103,-7561,-5341,17
149,149,1,0,0,0,0,10825,8,10724,100,0,149,10825,10724,8
149,149,2,0,0,0,0,10743,10,10890,100,0,149,10743,10890,10
149,149,3,0,1,0,0,11467,0,10459,100,1,1,11467,10459,0
149,149,4,0,0,0,0,11311,8,101,100,0,149,11311,101,8
149,149,5,0,6,0,0,10889,0,-539,100,6,6,10889,-539,0
149,149,6,0,0,0,0,615,10,-422,100,0,149,615,-422,10
149,149,7,0,11,0,0,-87,0,-11,100,11,11,-87,-11,0
152,152,1,0,1,1,0,-10,0,-258,160,1,1,-10,-258,0
152,152,2,0,1,1,0,-77,0,-214,160,1,1,-77,-214,0
152,152,3,0,1,1,0,120,0,-245,160,1,1,120,-245,0
152,152,4,0,1,1,0,-95,0,-258,160,1,1,-95,-258,0
153,153,1,0,6,6,0,-10,0,-258,160,6,6,-10,-258,0
153,153,2,0,6,6,0,-77,0,-214,160,6,6,-77,-214,0
153,153,3,0,6,6,0,120,0,-245,160,6,6,120,-245,0
153,153,4,0,6,6,0,-95,0,-258,160,6,6,-95,-258,0
154,154,1,0,11,11,0,-10,0,-258,160,11,11,-10,-258,0
154,154,2,0,11,11,0,-77,0,-214,160,11,11,-77,-214,0
154,154,3,0,11,11,0,120,0,-245,160,11,11,120,-245,0
154,154,4,0,11,11,0,-95,0,-258,160,11,11,-95,-258,0
