zone_id,map_id,region_id,value01,value02,value03,value04,center_x,center_y,center_z,radius
1,1,1,0,0,0,0,-3039,66,2669,365
1,1,2,0,0,0,0,-3494,24,1766,365
1,1,3,0,0,0,0,-3641,154,1099,365
1,1,4,0,0,0,0,-3787,140,588,365
1,1,5,0,0,0,0,-2849,7,-858,365
1,1,6,0,0,0,0,-3166,0,-1331,365
1,1,7,0,0,0,0,-3335,15,-1759,365
1,1,8,0,0,0,0,-3551,5,-2308,365
1,1,9,0,0,0,0,-125,3,3209,365
1,1,10,0,0,0,0,-581,0,2763,365
1,1,11,0,0,0,0,2543,187,2592,365
1,1,12,0,0,0,0,2423,159,2133,365
1,1,13,0,0,0,0,2254,169,1744,365
1,1,14,0,0,0,0,2111,75,1279,365
1,1,15,0,0,0,0,1949,6,798,365
1,1,16,0,0,0,0,528,-9,-2639,365
1,1,17,0,0,0,0,286,-8,-3044,365
1,1,18,0,0,0,0,301,-1,-3643,365
1,1,19,0,0,0,0,3172,0,-2490,365
1,1,20,0,0,0,0,2892,1,-2970,365
1,1,21,0,0,0,0,2714,32,-3311,365
1,1,22,0,0,0,0,2485,71,-3576,365
1,1,23,0,0,0,0,-3175,0,2278,365
6,6,1,0,0,0,0,-2458,401,-321,326
6,6,2,0,0,0,0,-3325,398,-992,326
6,6,3,0,0,0,0,-3491,402,-1303,326
6,6,4,0,0,0,0,-3542,400,-1667,326
6,6,5,0,0,0,0,-3681,405,-2035,326
6,6,6,0,0,0,0,-3834,395,-3650,326
6,6,7,0,0,0,0,-3939,394,-3994,326
6,6,8,0,0,0,0,-1142,395,-1893,326
6,6,9,0,0,0,0,-1231,402,-2171,326
6,6,10,0,0,0,0,-1354,397,-2615,326
6,6,11,0,0,0,0,-1455,397,-2870,326
6,6,12,0,0,0,0,-1576,396,-3276,326
6,6,13,0,0,0,0,-1686,396,-3637,326
6,6,14,0,0,0,0,-2089,403,-3892,326
6,6,15,0,0,0,0,-2917,402,-4847,326
6,6,16,0,0,0,0,-3179,414,-5172,326
6,6,17,0,0,0,0,887,407,-2539,326
6,6,18,0,0,0,0,795,396,-2956,326
6,6,19,0,0,0,0,715,397,-3342,326
6,6,20,0,0,0,0,538,400,-3729,326
6,6,21,0,0,0,0,3629,412,-2604,326
6,6,22,0,0,0,0,3195,396,-4217,326
6,6,23,0,0,0,0,3109,396,-4484,326
6,6,24,0,0,0,0,3058,403,-4791,326
6,6,25,0,0,0,0,3816,395,-5808,326
6,6,26,0,0,0,0,3745,395,-6208,326
6,6,27,0,0,0,0,3689,403,-6508,326
6,6,28,0,0,0,0,3616,409,-6889,326
11,11,1,0,0,0,0,-3451,-387,-5172,403
11,11,2,0,0,0,0,-3340,-349,-5798,403
11,11,3,0,0,0,0,-3112,-377,-11056,403
11,11,4,0,0,0,0,-3370,-398,-11451,403
11,11,5,0,0,0,0,-3401,-381,-11898,403
11,11,6,0,0,0,0,-1073,-387,-5541,403
11,11,7,0,0,0,0,-1156,-369,-6045,403
11,11,8,0,0,0,0,-1152,-384,-6798,403
11,11,9,0,0,0,0,-1130,-390,-7276,403
11,11,10,0,0,0,0,-1177,126,-8015,403
11,11,11,0,0,0,0,-1282,-377,-8396,403
11,11,12,0,0,0,0,-1256,-366,-9083,403
11,11,13,0,0,0,0,-1354,-91,-9855,403
11,11,14,0,0,0,0,-1342,136,-10382,403
11,11,15,0,0,0,0,-1258,-342,-10846,403
11,11,16,0,0,0,0,-1255,-350,-11603,403
11,11,17,0,0,0,0,-1282,21,-12147,403
11,11,18,0,0,0,0,-1606,-398,-12402,403
11,11,19,0,0,0,0,-1779,-393,-12550,403
11,11,20,0,0,0,0,-2026,-363,-12913,403
11,11,21,0,0,0,0,443,-296,-4762,403
11,11,22,0,0,0,0,697,65,-7532,403
11,11,23,0,0,0,0,750,-392,-7910,403
11,11,24,0,0,0,0,763,-385,-8398,403
11,11,25,0,0,0,0,706,146,-9051,403
11,11,26,0,0,0,0,180,-398,-12494,403
11,11,27,0,0,0,0,72,-387,-13091,403
11,11,28,0,0,0,0,2155,-398,-3478,403
38,38,1,0,0,0,0,1356,244,3746,406
38,38,2,0,0,0,0,1624,100,2265,406
38,38,3,0,0,0,0,-822,105,5244,406
38,38,4,0,0,0,0,164,100,5252,406
38,38,5,0,0,0,0,1097,100,5236,406
38,38,6,0,0,0,0,200,49,933,406
38,38,7,0,0,0,0,154,65,2369,155
38,38,8,0,0,0,0,-1416,193,2501,166
38,38,9,0,0,0,0,-939,193,2444,166
38,38,10,0,0,0,0,-1448,341,3587,166
38,38,11,0,0,0,0,-882,351,3543,166
38,38,12,0,0,0,0,-2444,0,1234,189
38,38,13,0,0,0,0,-2038,24,399,114
38,38,14,0,0,0,0,-87,7,21,145
38,38,15,0,0,0,0,456,4,9,145
38,38,16,0,0,0,0,2956,0,1230,175
38,38,17,0,0,0,0,2460,24,394,129
38,38,18,0,0,0,0,1796,7,849,91
38,38,19,0,0,0,0,1630,7,6,91
38,38,20,0,0,0,0,-1179,7,15,91
38,38,21,0,0,0,0,-1354,5,831,91
38,38,22,0,0,0,0,-1475,346,4111,91
38,38,23,0,0,0,0,-839,339,4109,91
151,151,1,0,2023,2023,1,150,0,115,59
151,151,2,0,2023,2023,1,-103,0,158,59
151,151,3,0,2023,2023,1,167,0,-78,59
151,151,4,0,2023,2023,1,-13,0,-177,59
151,151,5,0,2023,2023,1,-185,0,-30,59
151,151,6,0,2024,2024,1,-251,0,224,22
151,151,7,0,2024,2024,1,0,0,271,22
151,151,8,0,2024,2024,1,-304,0,0,22
151,151,9,0,2024,2024,1,-245,0,-251,22
151,151,10,0,2024,2024,1,-6,0,-324,22
151,151,11,0,2024,2024,1,264,0,276,22
151,151,12,0,2024,2024,1,337,0,-11,22
151,151,13,0,2024,2024,1,256,0,-255,22
151,151,14,0,2024,2024,1,-7,0,-687,22
151,151,15,0,2024,2024,1,-602,0,-638,22
151,151,16,0,2024,2024,1,632,0,-612,22
151,151,17,0,2024,2024,1,679,0,9,22
151,151,18,0,2024,2024,1,597,0,626,22
151,151,19,0,2024,2024,1,-24,0,686,22
151,151,20,0,2024,2024,1,-639,0,639,22
151,151,21,0,2024,2024,1,-426,4,-405,22
151,151,22,0,2024,2024,1,26,0,-498,22
151,151,23,0,2024,2024,1,483,0,3,22
151,151,24,0,2024,2024,1,433,5,-422,22
151,151,25,0,2024,2024,1,413,5,436,22
151,151,26,0,2024,2024,1,-4,0,514,22
151,151,27,0,2024,2024,1,-389,5,435,22
151,151,28,0,2024,2024,1,351,0,-686,22
151,151,29,0,2024,2024,1,-286,0,-691,22
151,151,30,0,2024,2024,1,697,0,-317,22
151,151,31,0,2024,2024,1,716,0,433,22
151,151,32,0,2024,2024,1,273,0,714,22
151,151,33,0,2024,2024,1,-270,0,726,22
151,151,34,0,2024,2024,1,-699,0,-287,22
151,151,35,0,2024,2024,1,-705,0,-10,22
151,151,36,0,2024,2024,1,-703,0,315,22
151,151,37,0,2024,2024,1,-477,0,-12,22
151,151,38,0,2025,2025,1,-698,0,-309,22
151,151,39,0,2025,2025,1,-702,0,-26,22
151,151,40,0,2025,2025,1,-613,0,-627,22
151,151,41,0,2025,2025,1,-301,0,-682,22
151,151,42,0,2025,2025,1,-17,0,-687,22
151,151,43,0,2025,2025,1,358,0,-679,22
151,151,44,0,2025,2025,1,625,0,-614,22
151,151,45,0,2025,2025,1,700,0,-306,22
151,151,46,0,2025,2025,1,675,0,-6,22
151,151,47,0,2025,2025,1,725,0,431,22
151,151,48,0,2025,2025,1,600,0,622,22
151,151,49,0,2025,2025,1,278,0,700,22
151,151,50,0,2025,2025,1,-13,0,683,22
151,151,51,0,2025,2025,1,-273,0,723,22
151,151,52,0,2025,2025,1,-635,0,633,22
151,151,53,0,2025,2025,1,-714,0,314,22
151,151,54,0,2025,2025,1,-486,0,-15,22
151,151,55,0,2025,2025,1,-395,5,441,22
151,151,56,0,2025,2025,1,-256,0,230,22
151,151,57,0,2025,2025,1,-306,0,0,22
151,151,58,0,2025,2025,1,-244,0,-253,22
151,151,59,0,2025,2025,1,-4,0,285,22
151,151,60,0,2025,2025,1,-431,5,-407,22
151,151,61,0,2025,2025,1,-4,0,514,22
151,151,62,0,2025,2025,1,405,5,426,22
151,151,63,0,2025,2025,1,473,0,7,22
151,151,64,0,2025,2025,1,424,5,-422,22
151,151,65,0,2025,2025,1,23,0,-491,22
151,151,66,0,2025,2025,1,338,0,-10,22
151,151,67,0,2025,2025,1,255,0,270,22
151,151,68,0,2025,2025,1,253,0,-260,22
151,151,69,0,2025,2025,1,-3,0,-327,22
151,151,70,0,2025,2025,1,-9,0,-177,22
151,151,71,0,2025,2025,1,-111,94,-138,22
151,151,72,0,2025,2025,1,174,0,-87,22
151,151,73,0,2025,2025,1,-110,0,155,22
151,151,74,0,2025,2025,1,140,0,119,22
151,151,75,0,2025,2025,1,-192,0,-24,22
151,151,76,0,2024,2024,1,-196,0,-21,22
151,151,77,0,2024,2024,1,-120,0,168,22
151,151,78,0,2024,2024,1,132,0,125,22
151,151,79,0,2024,2024,1,170,0,-80,22
151,151,80,0,2024,2024,1,-6,0,-180,22
151,151,81,0,2026,2026,20,176,0,-219,157
151,151,82,0,2026,2026,20,269,0,39,157
151,151,83,0,2026,2026,20,216,0,258,157
151,151,84,0,2026,2026,20,-44,0,306,157
151,151,85,0,2026,2026,20,-291,0,274,157
151,151,86,0,2026,2026,20,-4,0,-283,157
151,151,87,0,2026,2026,20,-305,0,-23,157
151,151,88,0,2026,2026,20,-252,0,-257,157
151,151,89,0,2026,2026,20,702,0,-8,157
151,151,90,0,2026,2026,20,628,0,-645,157
151,151,91,0,2026,2026,20,-14,0,-652,157
151,151,92,0,2026,2026,20,-708,0,-594,157
151,151,93,0,2026,2026,20,-693,0,27,157
151,151,94,0,2026,2026,20,-635,0,635,157
151,151,95,0,2026,2026,20,-4,0,694,157
151,151,96,0,2026,2026,20,604,0,631,157
151,151,97,0,2027,2027,20,705,0,-11,157
151,151,98,0,2027,2027,20,592,0,627,157
151,151,99,0,2027,2027,20,-12,0,709,157
151,151,100,0,2027,2027,20,-648,0,633,157
151,151,101,0,2027,2027,20,-697,0,17,157
151,151,102,0,2027,2027,20,-707,0,-620,157
151,151,103,0,2027,2027,20,-13,0,-642,157
151,151,104,0,2027,2027,20,609,0,-642,157
151,151,105,0,2027,2027,20,225,0,282,157
151,151,106,0,2027,2027,20,-9,0,308,157
151,151,107,0,2027,2027,20,-301,0,292,157
151,151,108,0,2027,2027,20,-307,0,-2,157
151,151,109,0,2027,2027,20,-241,0,-217,157
151,151,110,0,2027,2027,20,-39,0,-279,157
151,151,111,0,2027,2027,20,189,0,-181,157
151,151,112,0,2027,2027,20,262,0,17,157
151,151,113,0,2028,2028,20,299,0,710,157
151,151,114,0,2028,2028,20,670,0,290,157
151,151,115,0,2028,2028,20,681,0,-320,157
151,151,116,0,2028,2028,20,323,0,-699,157
151,151,117,0,2028,2028,20,-284,0,-660,157
151,151,118,0,2028,2028,20,-710,0,-297,157
151,151,119,0,2028,2028,20,-727,0,303,157
151,151,120,0,2028,2028,20,-303,0,720,157
151,151,121,0,2028,2028,20,-372,0,229,157
151,151,122,0,2028,2028,20,-393,0,-18,157
151,151,123,0,2028,2028,20,-348,5,-327,157
151,151,124,0,2028,2028,20,35,0,-314,157
151,151,125,0,2028,2028,20,-51,0,351,157
151,151,126,0,2028,2028,20,303,0,298,157
151,151,127,0,2028,2028,20,358,0,41,157
151,151,128,0,2028,2028,20,275,0,-262,157
152,152,1,0,2026,2026,5,-1542,0,756,100
152,152,2,0,2026,2026,5,-1679,0,742,100
152,152,3,0,2026,2026,5,-1551,0,1508,100
152,152,4,0,2026,2026,5,-1675,0,1507,100
152,152,5,0,2026,2026,5,-1263,0,767,100
152,152,6,0,2026,2026,5,-1127,0,761,100
152,152,7,0,2026,2026,5,-887,0,727,100
152,152,8,0,2026,2026,5,-761,0,809,100
152,152,9,0,2026,2026,5,-768,0,1082,100
152,152,10,0,2026,2026,5,-776,0,1236,100
152,152,11,0,2026,2026,5,-793,0,1507,100
152,152,12,0,2026,2026,5,-913,0,1539,100
152,152,13,0,2026,2026,5,-1187,0,1538,100
152,152,14,0,2026,2026,5,-1306,0,1526,100
152,152,15,0,2026,2026,5,-1697,0,1030,100
152,152,16,0,2026,2026,5,-1695,0,1186,100
152,152,17,0,2026,2026,5,-1453,0,1071,100
152,152,18,0,2026,2026,5,-1486,0,1216,100
152,152,19,0,2026,2026,5,-1010,0,1253,100
152,152,20,0,2026,2026,5,-1017,0,1103,100
152,152,21,0,2026,2026,5,-1252,0,1168,100
152,152,22,0,2026,2026,5,-916,0,2249,100
152,152,23,0,2026,2026,5,-799,0,2290,100
152,152,24,0,2026,2026,5,-963,0,2607,100
152,152,25,0,2026,2026,5,-834,0,2601,100
152,152,26,0,2026,2026,5,-1162,0,2332,100
152,152,27,0,2026,2026,5,-1299,0,2285,100
152,152,28,0,2026,2026,5,-1555,0,2269,100
152,152,29,0,2026,2026,5,-1680,0,2287,100
152,152,30,0,2026,2026,5,-1619,0,2649,100
152,152,31,0,2026,2026,5,-1715,0,2767,100
152,152,32,0,2026,2026,5,-1354,0,2663,100
152,152,33,0,2026,2026,5,-1218,0,2658,100
152,152,34,0,2026,2026,5,-3309,0,1104,100
152,152,35,0,2026,2026,5,-3164,0,1040,100
152,152,36,0,2026,2026,5,-2925,0,909,100
152,152,37,0,2026,2026,5,-2803,0,830,100
152,152,38,0,2026,2026,5,-2511,0,856,100
152,152,39,0,2026,2026,5,-2385,0,896,100
152,152,40,0,2026,2026,5,-3270,0,1570,100
152,152,41,0,2026,2026,5,-3125,0,1574,100
152,152,42,0,2026,2026,5,-3277,0,2339,100
152,152,43,0,2026,2026,5,-3257,0,2196,100
152,152,44,0,2026,2026,5,-2270,0,1328,100
152,152,45,0,2026,2026,5,-2274,0,1185,100
152,152,46,0,2026,2026,5,-2350,0,1565,100
152,152,47,0,2026,2026,5,-2474,0,1570,100
152,152,48,0,2026,2026,5,-2734,0,1576,100
152,152,49,0,2026,2026,5,-2862,0,1584,100
152,152,50,0,2026,2026,5,-3261,0,1326,100
152,152,51,0,2026,2026,5,-3120,0,1310,100
152,152,52,0,2026,2026,5,-2561,0,1171,100
152,152,53,0,2026,2026,5,-2552,0,1298,100
152,152,54,0,2026,2026,5,-2861,0,1182,100
152,152,55,0,2026,2026,5,-2850,0,1323,100
152,152,56,0,2026,2026,5,-3372,0,2603,100
152,152,57,0,2026,2026,5,-3389,0,2751,100
152,152,58,0,2026,2026,5,-3249,0,2981,100
152,152,59,0,2026,2026,5,-3187,0,3087,100
152,152,60,0,2026,2026,5,-3080,0,3373,100
152,152,61,0,2026,2026,5,-3119,0,3501,100
152,152,62,0,2026,2026,5,-3335,0,3860,100
152,152,63,0,2026,2026,5,-3481,0,3893,100
152,152,64,0,2026,2026,5,-3937,0,3903,100
152,152,65,0,2026,2026,5,-3804,0,3897,100
152,152,66,0,2026,2026,5,-2066,0,3419,100
152,152,67,0,2026,2026,5,-2044,0,3548,100
152,152,68,0,2026,2026,5,-1950,0,3798,100
152,152,69,0,2026,2026,5,-2105,0,3822,100
152,152,70,0,2026,2026,5,-2393,0,3842,100
152,152,71,0,2026,2026,5,-2523,0,3833,100
152,152,72,0,2026,2026,5,-2814,0,3844,100
152,152,73,0,2026,2026,5,-2963,0,3858,100
152,152,74,0,2026,2026,5,-2394,0,3432,100
152,152,75,0,2026,2026,5,-2423,0,3563,100
152,152,76,0,2026,2026,5,-2760,0,3443,100
152,152,77,0,2026,2026,5,-2799,0,3572,100
152,152,78,0,2026,2026,5,-2307,0,2959,100
152,152,79,0,2026,2026,5,-2315,0,2828,100
152,152,80,0,2026,2026,5,-2318,0,2443,100
152,152,81,0,2026,2026,5,-2320,0,2321,100
152,152,82,0,2026,2026,5,-2618,0,3108,100
152,152,83,0,2026,2026,5,-2487,0,3166,100
152,152,84,0,2026,2026,5,-2850,0,3163,100
152,152,85,0,2026,2026,5,-2939,0,3049,100
152,152,86,0,2026,2026,5,-3072,0,2751,100
152,152,87,0,2026,2026,5,-3062,0,2629,100
152,152,88,0,2026,2026,5,-3003,0,2363,100
152,152,89,0,2026,2026,5,-2914,0,2263,100
152,152,90,0,2026,2026,5,-2595,0,2817,100
152,152,91,0,2026,2026,5,-2735,0,2800,100
152,152,92,0,2026,2026,5,-2589,0,2391,100
152,152,93,0,2026,2026,5,-2678,0,2265,100
152,152,94,0,2026,2026,5,-2792,0,2550,100
152,152,95,0,2027,2027,5,855,0,915,100
152,152,96,0,2027,2027,5,993,0,894,100
152,152,97,0,2027,2027,5,1244,0,871,100
152,152,98,0,2027,2027,5,1378,0,880,100
152,152,99,0,2027,2027,5,1591,0,864,100
152,152,100,0,2027,2027,5,1736,0,925,100
152,152,101,0,2027,2027,5,1693,0,1536,100
152,152,102,0,2027,2027,5,1561,0,1530,100
152,152,103,0,2027,2027,5,1300,0,1526,100
152,152,104,0,2027,2027,5,1180,0,1519,100
152,152,105,0,2027,2027,5,915,0,1526,100
152,152,106,0,2027,2027,5,771,0,1524,100
152,152,107,0,2027,2027,5,1621,0,1290,100
152,152,108,0,2027,2027,5,1629,0,1161,100
152,152,109,0,2027,2027,5,1347,0,1282,100
152,152,110,0,2027,2027,5,1348,0,1161,100
152,152,111,0,2027,2027,5,1102,0,1142,100
152,152,112,0,2027,2027,5,820,0,1280,100
152,152,113,0,2027,2027,5,827,0,1148,100
152,152,114,0,2027,2027,5,906,0,2657,100
152,152,115,0,2027,2027,5,788,0,2564,100
152,152,116,0,2027,2027,5,749,0,2310,100
152,152,117,0,2027,2027,5,862,0,2230,100
152,152,118,0,2027,2027,5,1126,0,2204,100
152,152,119,0,2027,2027,5,1266,0,2208,100
152,152,120,0,2027,2027,5,1544,0,2196,100
152,152,121,0,2027,2027,5,1682,0,2273,100
152,152,122,0,2027,2027,5,1202,0,2681,100
152,152,123,0,2027,2027,5,1324,0,2692,100
152,152,124,0,2027,2027,5,1597,0,2709,100
152,152,125,0,2027,2027,5,1688,0,2606,100
152,152,126,0,2027,2027,5,1097,0,2493,100
152,152,127,0,2027,2027,5,1107,0,2389,100
152,152,128,0,2027,2027,5,1403,0,2520,100
152,152,129,0,2027,2027,5,1415,0,2388,100
152,152,130,0,2027,2027,5,2242,0,847,100
152,152,131,0,2027,2027,5,2229,0,977,100
152,152,132,0,2027,2027,5,2301,0,1262,100
152,152,133,0,2027,2027,5,2212,0,1371,100
152,152,134,0,2027,2027,5,2362,0,1567,100
152,152,135,0,2027,2027,5,2502,0,1554,100
152,152,136,0,2027,2027,5,2744,0,1537,100
152,152,137,0,2027,2027,5,2865,0,1540,100
152,152,138,0,2027,2027,5,2498,0,930,100
152,152,139,0,2027,2027,5,2498,0,1068,100
152,152,140,0,2027,2027,5,2602,0,1282,100
152,152,141,0,2027,2027,5,2749,0,1265,100
152,152,142,0,2027,2027,5,2765,0,943,100
152,152,143,0,2027,2027,5,2768,0,794,100
152,152,144,0,2027,2027,5,1120,0,1268,100
152,152,145,0,2027,2027,5,3259,0,1579,100
152,152,146,0,2027,2027,5,3121,0,1578,100
152,152,147,0,2027,2027,5,2004,0,3328,100
152,152,148,0,2027,2027,5,2031,0,3445,100
152,152,149,0,2027,2027,5,2005,0,3785,100
152,152,150,0,2027,2027,5,2140,0,3786,100
152,152,151,0,2027,2027,5,3896,0,3923,100
152,152,152,0,2027,2027,5,3876,0,3801,100
152,152,153,0,2027,2027,5,3881,0,3503,100
152,152,154,0,2027,2027,5,3878,0,3357,100
152,152,155,0,2027,2027,5,3535,0,3818,100
152,152,156,0,2027,2027,5,3396,0,3804,100
152,152,157,0,2027,2027,5,3125,0,3808,100
152,152,158,0,2027,2027,5,2993,0,3804,100
152,152,159,0,2027,2027,5,2710,0,3817,100
152,152,160,0,2027,2027,5,2559,0,3812,100
152,152,161,0,2027,2027,5,2342,0,3612,100
152,152,162,0,2027,2027,5,2338,0,3495,100
152,152,163,0,2027,2027,5,3776,0,3132,100
152,152,164,0,2027,2027,5,3705,0,3029,100
152,152,165,0,2027,2027,5,3477,0,2856,100
152,152,166,0,2027,2027,5,3342,0,2816,100
152,152,167,0,2027,2027,5,3248,0,2588,100
152,152,168,0,2027,2027,5,3266,0,2474,100
152,152,169,0,2027,2027,5,3222,0,2191,100
152,152,170,0,2027,2027,5,3091,0,2180,100
152,152,171,0,2027,2027,5,2819,0,2189,100
152,152,172,0,2027,2027,5,2704,0,2186,100
152,152,173,0,2027,2027,5,2400,0,2195,100
152,152,174,0,2027,2027,5,2276,0,2250,100
152,152,175,0,2027,2027,5,2204,0,2527,100
152,152,176,0,2027,2027,5,2182,0,2642,100
152,152,177,0,2027,2027,5,2180,0,2890,100
152,152,178,0,2027,2027,5,2187,0,3063,100
152,152,179,0,2027,2027,5,2508,0,2536,100
152,152,180,0,2027,2027,5,2620,0,2520,100
152,152,181,0,2027,2027,5,2877,0,2526,100
152,152,182,0,2027,2027,5,2997,0,2560,100
152,152,183,0,2027,2027,5,2508,0,2794,100
152,152,184,0,2027,2027,5,2500,0,2921,100
152,152,185,0,2027,2027,5,2772,0,2812,100
152,152,186,0,2027,2027,5,2791,0,2938,100
152,152,187,0,2027,2027,5,3057,0,2797,100
152,152,188,0,2027,2027,5,3070,0,2920,100
152,152,189,0,2027,2027,5,2405,0,3222,100
152,152,190,0,2027,2027,5,2528,0,3252,100
152,152,191,0,2027,2027,5,2586,0,3511,100
152,152,192,0,2027,2027,5,2718,0,3514,100
152,152,193,0,2027,2027,5,2984,0,3544,100
152,152,194,0,2027,2027,5,3113,0,3506,100
152,152,195,0,2027,2027,5,3466,0,3528,100
152,152,196,0,2027,2027,5,3564,0,3428,100
152,152,197,0,2027,2027,5,3429,0,3131,100
152,152,198,0,2027,2027,5,3323,0,3234,100
152,152,199,0,2027,2027,5,3016,0,3229,100
152,152,200,0,2027,2027,5,2868,0,3240,100
152,152,201,0,2028,2028,5,1974,0,4760,100
152,152,202,0,2028,2028,5,2086,0,4680,100
152,152,203,0,2028,2028,5,2341,0,4653,100
152,152,204,0,2028,2028,5,2466,0,4651,100
152,152,205,0,2028,2028,5,2724,0,4616,100
152,152,206,0,2028,2028,5,2867,0,4608,100
152,152,207,0,2028,2028,5,3126,0,4601,100
152,152,208,0,2028,2028,5,3254,0,4608,100
152,152,209,0,2028,2028,5,3552,0,4646,100
152,152,210,0,2028,2028,5,3657,0,4617,100
152,152,211,0,2028,2028,5,3777,0,4943,100
152,152,212,0,2028,2028,5,3688,0,5051,100
152,152,213,0,2028,2028,5,3514,0,5493,100
152,152,214,0,2028,2028,5,3522,0,5346,100
152,152,215,0,2028,2028,5,2119,0,4981,100
152,152,216,0,2028,2028,5,2113,0,5116,100
152,152,217,0,2028,2028,5,2204,0,5553,100
152,152,218,0,2028,2028,5,2205,0,5687,100
152,152,219,0,2028,2028,5,2378,0,6313,100
152,152,220,0,2028,2028,5,2519,0,6340,100
152,152,221,0,2028,2028,5,2237,0,7166,100
152,152,222,0,2028,2028,5,2234,0,7310,100
152,152,223,0,2028,2028,5,2333,0,7673,100
152,152,224,0,2028,2028,5,2207,0,7640,100
152,152,225,0,2028,2028,5,2329,0,7954,100
152,152,226,0,2028,2028,5,2295,0,8102,100
152,152,227,0,2028,2028,5,2727,0,8039,100
152,152,228,0,2028,2028,5,2646,0,7915,100
152,152,229,0,2028,2028,5,2818,0,6372,100
152,152,230,0,2028,2028,5,2952,0,6368,100
152,152,231,0,2028,2028,5,3176,0,6248,100
152,152,232,0,2028,2028,5,3267,0,6166,100
152,152,233,0,2028,2028,5,3293,0,5873,100
152,152,234,0,2028,2028,5,3311,0,5739,100
152,152,235,0,2028,2028,5,2464,0,4927,100
152,152,236,0,2028,2028,5,2473,0,5074,100
152,152,237,0,2028,2028,5,2803,0,4891,100
152,152,238,0,2028,2028,5,2864,0,5002,100
152,152,239,0,2028,2028,5,3139,0,5020,100
152,152,240,0,2028,2028,5,3141,0,5154,100
152,152,241,0,2028,2028,5,3456,0,4906,100
152,152,242,0,2028,2028,5,3326,0,4839,100
152,152,243,0,2028,2028,5,2314,0,5324,100
152,152,244,0,2028,2028,5,2742,0,5362,100
152,152,245,0,2028,2028,5,2757,0,5537,100
152,152,246,0,2028,2028,5,3121,0,5426,100
152,152,247,0,2028,2028,5,3070,0,5565,100
152,152,248,0,2028,2028,5,2447,0,5413,100
152,152,249,0,2028,2028,5,2975,0,5906,100
152,152,250,0,2028,2028,5,2992,0,6047,100
152,152,251,0,2028,2028,5,2722,0,6075,100
152,152,252,0,2028,2028,5,2563,0,6082,100
152,152,253,0,2028,2028,5,2479,0,5754,100
152,152,254,0,2028,2028,5,2619,0,5793,100
152,152,255,0,2028,2028,5,2299,0,5979,100
152,152,256,0,2028,2028,5,2222,0,6105,100
152,152,257,0,2028,2028,5,3214,0,7006,100
152,152,258,0,2028,2028,5,3219,0,7157,100
152,152,259,0,2028,2028,5,2859,0,7007,100
152,152,260,0,2028,2028,5,2871,0,7163,100
152,152,261,0,2028,2028,5,2493,0,6976,100
152,152,262,0,2028,2028,5,2486,0,7111,100
152,152,263,0,2028,2028,5,2698,0,7391,100
152,152,264,0,2028,2028,5,2562,0,7451,100
152,152,265,0,2028,2028,5,947,0,8050,100
152,152,266,0,2028,2028,5,945,0,7919,100
152,152,267,0,2028,2028,5,925,0,7592,100
152,152,268,0,2028,2028,5,929,0,7474,100
152,152,269,0,2028,2028,5,913,0,7178,100
152,152,270,0,2028,2028,5,903,0,7036,100
152,152,271,0,2028,2028,5,1194,0,8047,100
152,152,272,0,2028,2028,5,1320,0,8029,100
152,152,273,0,2028,2028,5,1579,0,7968,100
152,152,274,0,2028,2028,5,1692,0,7871,100
152,152,275,0,2028,2028,5,1714,0,7595,100
152,152,276,0,2028,2028,5,1720,0,7464,100
152,152,277,0,2028,2028,5,1707,0,7183,100
152,152,278,0,2028,2028,5,1714,0,7022,100
152,152,279,0,2028,2028,5,1140,0,7047,100
152,152,280,0,2028,2028,5,1147,0,7182,100
152,152,281,0,2028,2028,5,1200,0,7516,100
152,152,282,0,2028,2028,5,1222,0,7668,100
152,152,283,0,2028,2028,5,1476,0,7606,100
152,152,284,0,2028,2028,5,1506,0,7484,100
152,152,285,0,2028,2028,5,1412,0,7142,100
152,152,286,0,2028,2028,5,1420,0,7003,100
152,152,287,0,2028,2028,5,817,0,6318,100
152,152,288,0,2028,2028,5,815,0,6185,100
152,152,289,0,2028,2028,5,818,0,5880,100
152,152,290,0,2028,2028,5,977,0,5873,100
152,152,291,0,2028,2028,5,1271,0,5856,100
152,152,292,0,2028,2028,5,1407,0,5816,100
152,152,293,0,2028,2028,5,1104,0,6327,100
152,152,294,0,2028,2028,5,1235,0,6331,100
152,152,295,0,2028,2028,5,1544,0,6327,100
152,152,296,0,2028,2028,5,1635,0,6212,100
152,152,297,0,2028,2028,5,1176,0,6092,100
152,152,298,0,2028,2028,5,1318,0,6088,100
152,152,299,0,2028,2028,5,1682,0,5943,100
152,152,300,0,2028,2028,5,1690,0,5806,100
152,152,301,0,2028,2028,5,-800,0,8048,100
152,152,302,0,2028,2028,5,-800,0,7909,100
152,152,303,0,2028,2028,5,-809,0,7637,100
152,152,304,0,2028,2028,5,-797,0,7508,100
152,152,305,0,2028,2028,5,-785,0,7189,100
152,152,306,0,2028,2028,5,-773,0,7041,100
152,152,307,0,2028,2028,5,-1087,0,8043,100
152,152,308,0,2028,2028,5,-1210,0,8023,100
152,152,309,0,2028,2028,5,-1489,0,7922,100
152,152,310,0,2028,2028,5,-1587,0,7843,100
152,152,311,0,2028,2028,5,-1062,0,7035,100
152,152,312,0,2028,2028,5,-1200,0,7002,100
152,152,313,0,2028,2028,5,-1470,0,7032,100
152,152,314,0,2028,2028,5,-1623,0,7067,100
152,152,315,0,2028,2028,5,-1700,0,7396,100
152,152,316,0,2028,2028,5,-1704,0,7537,100
152,152,317,0,2028,2028,5,-1340,0,7332,100
152,152,318,0,2028,2028,5,-1209,0,7315,100
152,152,319,0,2028,2028,5,-1017,0,7464,100
152,152,320,0,2028,2028,5,-1045,0,7578,100
152,152,321,0,2028,2028,5,-1378,0,7612,100
152,152,322,0,2028,2028,5,-1299,0,7726,100
152,152,323,0,2028,2028,5,-776,0,6299,100
152,152,324,0,2028,2028,5,-778,0,6176,100
152,152,325,0,2028,2028,5,-840,0,5901,100
152,152,326,0,2028,2028,5,-973,0,5861,100
152,152,327,0,2028,2028,5,-1216,0,5802,100
152,152,328,0,2028,2028,5,-1377,0,5793,100
152,152,329,0,2028,2028,5,-1014,0,6265,100
152,152,330,0,2028,2028,5,-2443,0,6327,100
152,152,331,0,2028,2028,5,-1484,0,6338,100
152,152,332,0,2028,2028,5,-1621,0,6338,100
152,152,333,0,2028,2028,5,-1701,0,5798,100
152,152,334,0,2028,2028,5,-1691,0,5956,100
152,152,335,0,2028,2028,5,-1209,0,6074,100
152,152,336,0,2028,2028,5,-1345,0,6077,100
152,152,337,0,2028,2028,5,-3897,0,4746,100
152,152,338,0,2028,2028,5,-3808,0,4813,100
152,152,339,0,2028,2028,5,-3517,0,4755,100
152,152,340,0,2028,2028,5,-3388,0,4711,100
152,152,341,0,2028,2028,5,-3130,0,4656,100
152,152,342,0,2028,2028,5,-3003,0,4621,100
152,152,343,0,2028,2028,5,-2726,0,4605,100
152,152,344,0,2028,2028,5,-2604,0,4610,100
152,152,345,0,2028,2028,5,-2354,0,4604,100
152,152,346,0,2028,2028,5,-2273,0,4620,100
152,152,347,0,2028,2028,5,-2005,0,4689,100
152,152,348,0,2028,2028,5,-1996,0,4818,100
152,152,349,0,2028,2028,5,-3638,0,5225,100
152,152,350,0,2028,2028,5,-3611,0,5364,100
152,152,351,0,2028,2028,5,-3419,0,5645,100
152,152,352,0,2028,2028,5,-3319,0,5750,100
152,152,353,0,2028,2028,5,-2032,0,5110,100
152,152,354,0,2028,2028,5,-2085,0,5233,100
152,152,355,0,2028,2028,5,-2278,0,5507,100
152,152,356,0,2028,2028,5,-2273,0,5647,100
152,152,357,0,2028,2028,5,-2280,0,5946,100
152,152,358,0,2028,2028,5,-2279,0,6087,100
152,152,359,0,2028,2028,5,-3260,0,6086,100
152,152,360,0,2028,2028,5,-3244,0,6203,100
152,152,361,0,2028,2028,5,-3187,0,7071,100
152,152,362,0,2028,2028,5,-3212,0,7222,100
152,152,363,0,2028,2028,5,-3122,0,7567,100
152,152,364,0,2028,2028,5,-3063,0,7714,100
152,152,365,0,2028,2028,5,-3008,0,6330,100
152,152,366,0,2028,2028,5,-2868,0,6315,100
152,152,367,0,2028,2028,5,-2588,0,6330,100
152,152,368,0,2028,2028,5,-2582,0,6054,100
152,152,369,0,2028,2028,5,-2599,0,5936,100
152,152,370,0,2028,2028,5,-2959,0,6050,100
152,152,371,0,2028,2028,5,-2970,0,5923,100
152,152,372,0,2028,2028,5,-2992,0,5609,100
152,152,373,0,2028,2028,5,-2872,0,5606,100
152,152,374,0,2028,2028,5,-2600,0,5636,100
152,152,375,0,2028,2028,5,-2579,0,5500,100
152,152,376,0,2028,2028,5,-2339,0,5193,100
152,152,377,0,2028,2028,5,-2315,0,5076,100
152,152,378,0,2028,2028,5,-2450,0,4842,100
152,152,379,0,2028,2028,5,-2569,0,4888,100
152,152,380,0,2028,2028,5,-2857,0,4896,100
152,152,381,0,2028,2028,5,-2980,0,4874,100
152,152,382,0,2028,2028,5,-3236,0,4937,100
152,152,383,0,2028,2028,5,-3376,0,4971,100
152,152,384,0,2028,2028,5,-3340,0,5289,100
152,152,385,0,2028,2028,5,-3238,0,5379,100
152,152,386,0,2028,2028,5,-2992,0,5253,100
152,152,387,0,2028,2028,5,-3043,0,5134,100
152,152,388,0,2028,2028,5,-2662,0,5231,100
152,152,389,0,2028,2028,5,-2731,0,5110,100
152,152,390,0,2028,2028,5,-2918,0,6989,100
152,152,391,0,2028,2028,5,-2795,0,6999,100
152,152,392,0,2028,2028,5,-2456,0,7024,100
152,152,393,0,2028,2028,5,-2338,0,7119,100
152,152,394,0,2028,2028,5,-2304,0,7625,100
152,152,395,0,2028,2028,5,-2291,0,7476,100
152,152,396,0,2028,2028,5,-2358,0,7964,100
152,152,397,0,2028,2028,5,-2490,0,7940,100
152,152,398,0,2028,2028,5,-2778,0,7803,100
152,152,399,0,2028,2028,5,-2749,0,7673,100
152,152,400,0,2028,2028,5,-2864,0,7237,100
152,152,401,0,2028,2028,5,-2895,0,7388,100
152,152,402,0,2028,2028,5,-2582,0,7395,100
152,152,403,0,2028,2028,5,-2554,0,7278,100
152,152,404,0,2028,2028,1,-1233,0,1321,15
152,152,405,0,2026,2026,1,-905,0,1381,15
152,152,406,0,2028,2028,1,-1575,0,1367,15
152,152,407,0,2026,2026,1,-1546,0,921,15
152,152,408,0,2028,2028,1,-1178,0,936,15
152,152,409,0,2027,2027,1,-872,0,925,15
152,152,410,0,2028,2028,1,-1617,0,2471,15
152,152,411,0,2026,2026,1,-1324,0,2496,15
152,152,412,0,2027,2027,1,-942,0,2452,15
152,152,413,0,2027,2027,1,-3053,0,1434,15
152,152,414,0,2026,2026,1,-3092,0,1169,15
152,152,415,0,2026,2026,1,-2758,0,985,15
152,152,416,0,2028,2028,1,-2695,0,1411,15
152,152,417,0,2027,2027,1,-2403,0,1386,15
152,152,418,0,2026,2026,1,-2348,0,1048,15
152,152,419,0,2027,2027,1,-2696,0,1232,15
152,152,420,0,2026,2026,1,-3123,0,2260,15
152,152,421,0,2027,2027,1,-2768,0,2369,15
152,152,422,0,2026,2026,1,-2443,0,2329,15
152,152,423,0,2027,2027,1,-2317,0,2648,15
152,152,424,0,2026,2026,1,-2649,0,2667,15
152,152,425,0,2027,2027,1,-3227,0,2761,15
152,152,426,0,2027,2027,1,-3084,0,2951,15
152,152,427,0,2028,2028,1,-2780,0,2994,15
152,152,428,0,2028,2028,1,-2216,0,3112,15
152,152,429,0,2027,2027,1,-2896,0,3405,15
152,152,430,0,2027,2027,1,-2570,0,3457,15
152,152,431,0,2026,2026,1,-2199,0,3479,15
152,152,432,0,2026,2026,1,-2236,0,3791,15
152,152,433,0,2026,2026,1,-2665,0,3869,15
152,152,434,0,2026,2026,1,-3199,0,3834,15
152,152,435,0,2026,2026,1,-3657,0,3885,15
152,152,436,0,2026,2026,1,1505,0,977,15
152,152,437,0,2027,2027,1,992,0,1035,15
152,152,438,0,2026,2026,1,1295,0,1002,15
152,152,439,0,2027,2027,1,963,0,1215,15
152,152,440,0,2026,2026,1,1494,0,1246,15
152,152,441,0,2026,2026,1,959,0,1411,15
152,152,442,0,2027,2027,1,1237,0,1405,15
152,152,443,0,2028,2028,1,1455,0,1472,15
152,152,444,0,2027,2027,1,766,0,2446,15
152,152,445,0,2028,2028,1,986,0,2221,15
152,152,446,0,2028,2028,1,1054,0,2692,15
152,152,447,0,2027,2027,1,1275,0,2449,15
152,152,448,0,2027,2027,1,1505,0,2688,15
152,152,449,0,2026,2026,1,1572,0,2411,15
152,152,450,0,2028,2028,1,1389,0,2153,15
152,152,451,0,2028,2028,1,2224,0,1147,15
152,152,452,0,2026,2026,1,2369,0,864,15
152,152,453,0,2028,2028,1,2632,0,992,15
152,152,454,0,2028,2028,1,2805,0,1106,15
152,152,455,0,2027,2027,1,2694,0,1405,15
152,152,456,0,2028,2028,1,2375,0,1411,15
152,152,457,0,2027,2027,1,2988,0,1426,15
152,152,458,0,2028,2028,1,2250,0,2379,15
152,152,459,0,2028,2028,1,2545,0,2166,15
152,152,460,0,2026,2026,1,2994,0,2161,15
152,152,461,0,2028,2028,1,3299,0,2355,15
152,152,462,0,2026,2026,1,2742,0,2368,15
152,152,463,0,2027,2027,1,2371,0,2708,15
152,152,464,0,2027,2027,1,2753,0,2682,15
152,152,465,0,2028,2028,1,3154,0,2692,15
152,152,466,0,2027,2027,1,3247,0,2967,15
152,152,467,0,2027,2027,1,2926,0,2898,15
152,152,468,0,2028,2028,1,2638,0,2908,15
152,152,469,0,2026,2026,1,2536,0,3126,15
152,152,470,0,2027,2027,1,2676,0,3362,15
152,152,471,0,2028,2028,1,2183,0,3381,15
152,152,472,0,2026,2026,1,3164,0,3128,15
152,152,473,0,2027,2027,1,3234,0,3360,15
152,152,474,0,2027,2027,1,3665,0,3256,15
152,152,475,0,2026,2026,1,3769,0,3621,15
152,152,476,0,2028,2028,1,3692,0,3787,15
152,152,477,0,2027,2027,1,3338,0,3641,15
152,152,478,0,2027,2027,1,2859,0,3810,15
152,152,479,0,2027,2027,1,2332,0,3771,15
152,152,480,0,2027,2027,1,2073,0,3601,15
152,152,481,0,2027,2027,1,3843,0,4612,15
152,152,482,0,2028,2028,1,3372,0,4590,15
152,152,483,0,2026,2026,1,2996,0,4618,15
152,152,484,0,2027,2027,1,2603,0,4655,15
152,152,485,0,2028,2028,1,2233,0,4707,15
152,152,486,0,2026,2026,1,2318,0,5029,15
152,152,487,0,2028,2028,1,2636,0,5000,15
152,152,488,0,2028,2028,1,3104,0,4877,15
152,152,489,0,2028,2028,1,3691,0,4877,15
152,152,490,0,2028,2028,1,3597,0,5216,15
152,152,491,0,2028,2028,1,3285,0,5318,15
152,152,492,0,2028,2028,1,2913,0,5224,15
152,152,493,0,2027,2027,1,2416,0,5247,15
152,152,494,0,2027,2027,1,2354,0,5543,15
152,152,495,0,2027,2027,1,2958,0,5612,15
152,152,496,0,2026,2026,1,3176,0,5774,15
152,152,497,0,2027,2027,1,2792,0,5850,15
152,152,498,0,2027,2027,1,2450,0,5927,15
152,152,499,0,2027,2027,1,2650,0,6231,15
152,152,500,0,2026,2026,1,2355,0,6184,15
152,152,501,0,2026,2026,1,2231,0,6314,15
152,152,502,0,2027,2027,1,3123,0,6425,15
152,152,503,0,2026,2026,1,2785,0,5696,15
152,152,504,0,2028,2028,1,3065,0,7079,15
152,152,505,0,2026,2026,1,2674,0,7085,15
152,152,506,0,2026,2026,1,2256,0,7025,15
152,152,507,0,2028,2028,1,2248,0,7501,15
152,152,508,0,2026,2026,1,2401,0,7338,15
152,152,509,0,2026,2026,1,2479,0,7907,15
152,152,510,0,2026,2026,1,2635,0,7646,15
152,152,511,0,2028,2028,1,2897,0,7335,15
152,152,512,0,2028,2028,1,1704,0,5679,15
152,152,513,0,2028,2028,1,1696,0,6087,15
152,152,514,0,2026,2026,1,1405,0,6214,15
152,152,515,0,2028,2028,1,996,0,6058,15
152,152,516,0,2027,2027,1,971,0,6334,15
152,152,517,0,2026,2026,1,789,0,5763,15
152,152,518,0,2027,2027,1,841,0,7988,15
152,152,519,0,2027,2027,1,834,0,7507,15
152,152,520,0,2027,2027,1,802,0,7090,15
152,152,521,0,2027,2027,1,1242,0,7090,15
152,152,522,0,2026,2026,1,1335,0,7596,15
152,152,523,0,2026,2026,1,1219,0,7897,15
152,152,524,0,2027,2027,1,1694,0,8043,15
152,152,525,0,2027,2027,1,1697,0,7713,15
152,152,526,0,2027,2027,1,1666,0,7301,15
152,152,527,0,2026,2026,1,-943,0,8015,15
152,152,528,0,2026,2026,1,-1359,0,7979,15
152,152,529,0,2027,2027,1,-807,0,7773,15
152,152,530,0,2026,2026,1,-1182,0,7830,15
152,152,531,0,2028,2028,1,-1206,0,7495,15
152,152,532,0,2026,2026,1,-844,0,7334,15
152,152,533,0,2028,2028,1,-914,0,7012,15
152,152,534,0,2027,2027,1,-1297,0,7093,15
152,152,535,0,2027,2027,1,-1606,0,7245,15
152,152,536,0,2026,2026,1,-1547,0,7479,15
152,152,537,0,2026,2026,1,-1701,0,7708,15
152,152,538,0,2026,2026,1,-1509,0,7757,15
152,152,539,0,2027,2027,1,-1089,0,7244,15
152,152,540,0,2028,2028,1,-892,0,6348,15
152,152,541,0,2028,2028,1,-1371,0,6383,15
152,152,542,0,2028,2028,1,-1568,0,6163,15
152,152,543,0,2026,2026,1,-831,0,6034,15
152,152,544,0,2026,2026,1,-1094,0,5842,15
152,152,545,0,2026,2026,1,-1014,0,6080,15
152,152,546,0,2028,2028,1,-1303,0,5963,15
152,152,547,0,2026,2026,1,-1251,0,6230,15
152,152,548,0,2027,2027,1,-1742,0,5641,15
152,152,549,0,2027,2027,1,-3134,0,6946,15
152,152,550,0,2026,2026,1,-2593,0,6920,15
152,152,551,0,2026,2026,1,-2216,0,7129,15
152,152,552,0,2027,2027,1,-2368,0,7364,15
152,152,553,0,2027,2027,1,-2619,0,7100,15
152,152,554,0,2028,2028,1,-3043,0,7167,15
152,152,555,0,2028,2028,1,-3170,0,7403,15
152,152,556,0,2026,2026,1,-2971,0,7876,15
152,152,557,0,2027,2027,1,-2881,0,7615,15
152,152,558,0,2028,2028,1,-2588,0,7824,15
152,152,559,0,2026,2026,1,-2714,0,7495,15
152,152,560,0,2027,2027,1,-2227,0,8034,15
152,152,561,0,2028,2028,1,-3236,0,6359,15
152,152,562,0,2026,2026,1,-2744,0,6336,15
152,152,563,0,2028,2028,1,-2273,0,6285,15
152,152,564,0,2028,2028,1,-2168,0,6016,15
152,152,565,0,2027,2027,1,-2453,0,6020,15
152,152,566,0,2028,2028,1,-2825,0,5999,15
152,152,567,0,2026,2026,1,-3151,0,6044,15
152,152,568,0,2027,2027,1,-3310,0,5914,15
152,152,569,0,2027,2027,1,-2969,0,5747,15
152,152,570,0,2028,2028,1,-2748,0,5649,15
152,152,571,0,2028,2028,1,-2402,0,5646,15
152,152,572,0,2028,2028,1,-2244,0,5788,15
152,152,573,0,2027,2027,1,-3532,0,5517,15
152,152,574,0,2027,2027,1,-3660,0,5075,15
152,152,575,0,2028,2028,1,-3084,0,5431,15
152,152,576,0,2026,2026,1,-2893,0,5324,15
152,152,577,0,2026,2026,1,-2523,0,5241,15
152,152,578,0,2026,2026,1,-2221,0,5252,15
152,152,579,0,2028,2028,1,-1996,0,4947,15
152,152,580,0,2026,2026,1,-2147,0,4670,15
152,152,581,0,2027,2027,1,-2283,0,4902,15
152,152,582,0,2026,2026,1,-2494,0,4656,15
152,152,583,0,2026,2026,1,-2681,0,4804,15
152,152,584,0,2028,2028,1,-2888,0,4657,15
152,152,585,0,2026,2026,1,-2915,0,5110,15
152,152,586,0,2028,2028,1,-3239,0,5170,15
152,152,587,0,2028,2028,1,-3523,0,5140,15
152,152,588,0,2028,2028,1,-3511,0,4899,15
152,152,589,0,2027,2027,1,-3754,0,4955,15
152,152,590,0,2028,2028,1,-3637,0,4640,15
152,152,591,0,2027,2027,1,-1059,0,2200,15
152,152,592,0,2026,2026,1,-1452,0,2171,15
152,152,593,0,2026,2026,1,-1520,0,2829,15
152,152,594,0,2028,2028,1,-922,0,2743,15
152,152,595,0,2026,2026,1,-2946,0,2738,15
152,152,596,0,2024,2024,1,-974,0,893,40
152,152,597,0,2025,2025,1,-1497,0,1374,40
152,152,598,0,2025,2025,1,-981,0,2414,40
152,152,599,0,2025,2025,1,-1503,0,2487,40
152,152,600,0,2024,2024,1,-1262,0,1115,40
152,152,601,0,2024,2024,1,-2466,0,1405,40
152,152,602,0,2024,2024,1,-2754,0,1034,40
152,152,603,0,2024,2024,1,-3014,0,1440,40
152,152,604,0,2025,2025,1,-2463,0,2225,40
152,152,605,0,2024,2024,1,-3174,0,2528,40
152,152,606,0,2024,2024,1,-2451,0,2648,40
152,152,607,0,2025,2025,1,-3042,0,3152,40
152,152,608,0,2025,2025,1,-2516,0,3024,40
152,152,609,0,2024,2024,1,-3079,0,3735,40
152,152,610,0,2024,2024,1,-2233,0,3927,40
152,152,611,0,2024,2024,1,1559,0,1022,40
152,152,612,0,2025,2025,1,1517,0,1372,40
152,152,613,0,2025,2025,1,1029,0,1428,40
152,152,614,0,2025,2025,1,1121,0,953,40
152,152,615,0,2024,2024,1,970,0,2451,40
152,152,616,0,2025,2025,1,1562,0,2453,40
152,152,617,0,2025,2025,1,2605,0,809,40
152,152,618,0,2025,2025,1,2264,0,1118,40
152,152,619,0,2025,2025,1,2858,0,1413,40
152,152,620,0,2024,2024,1,2982,0,2300,40
152,152,621,0,2025,2025,1,2362,0,2423,40
152,152,622,0,2024,2024,1,2350,0,2891,40
152,152,623,0,2025,2025,1,3210,0,2752,40
152,152,624,0,2025,2025,1,2764,0,3086,40
152,152,625,0,2024,2024,1,3588,0,3181,40
152,152,626,0,2024,2024,1,2280,0,3366,40
152,152,627,0,2025,2025,1,2365,0,3840,40
152,152,628,0,2024,2024,1,3109,0,3676,40
152,152,629,0,2024,2024,1,3721,0,3688,40
152,152,630,0,2024,2024,1,3719,0,4798,40
152,152,631,0,2024,2024,1,3009,0,4766,40
152,152,632,0,2024,2024,1,2168,0,4837,40
152,152,633,0,2025,2025,1,2225,0,5231,40
152,152,634,0,2025,2025,1,2839,0,5249,40
152,152,635,0,2025,2025,1,3407,0,5394,40
152,152,636,0,2024,2024,1,2376,0,5566,40
152,152,637,0,2024,2024,1,2918,0,5705,40
152,152,638,0,2024,2024,1,3265,0,6017,40
152,152,639,0,2025,2025,1,2423,0,6158,40
152,152,640,0,2025,2025,1,3033,0,7019,40
152,152,641,0,2024,2024,1,2332,0,7061,40
152,152,642,0,2024,2024,1,2714,0,7564,40
152,152,643,0,2024,2024,1,2150,0,8054,40
152,152,644,0,2025,2025,1,1558,0,5825,40
152,152,645,0,2024,2024,1,1097,0,5942,40
152,152,646,0,2025,2025,1,1365,0,6286,40
152,152,647,0,2025,2025,1,1574,0,7143,40
152,152,648,0,2024,2024,1,818,0,7329,40
152,152,649,0,2024,2024,1,1526,0,7814,40
152,152,650,0,2025,2025,1,798,0,8174,40
152,152,651,0,2025,2025,1,-921,0,6109,40
152,152,652,0,2024,2024,1,-1516,0,5879,40
152,152,653,0,2025,2025,1,-963,0,7150,40
152,152,654,0,2025,2025,1,-1451,0,7229,40
152,152,655,0,2024,2024,1,-1615,0,7700,40
152,152,656,0,2024,2024,1,-1028,0,7862,40
152,152,657,0,2025,2025,1,-2169,0,4858,40
152,152,658,0,2024,2024,1,-2530,0,5086,40
152,152,659,0,2024,2024,1,-2747,0,4813,40
152,152,660,0,2024,2024,1,-3201,0,4797,40
152,152,661,0,2025,2025,1,-3983,0,4633,40
152,152,662,0,2024,2024,1,-3459,0,5431,40
152,152,663,0,2025,2025,1,-2894,0,5448,40
152,152,664,0,2025,2025,1,-2461,0,5890,40
152,152,665,0,2024,2024,1,-2807,0,6129,40
152,152,666,0,2024,2024,1,-3340,0,6339,40
152,152,667,0,2025,2025,1,-2330,0,6986,40
152,152,668,0,2024,2024,1,-3066,0,7112,40
152,152,669,0,2025,2025,1,-3231,0,7499,40
152,152,670,0,2025,2025,1,-2934,0,7898,40
152,152,671,0,2025,2025,1,-2322,0,7776,40
152,152,672,0,2024,2024,1,-2682,0,7546,40
152,152,673,0,2026,2026,5,-355,-99,3481,101
152,152,674,0,2026,2026,5,-506,-99,3503,101
152,152,675,0,2026,2026,5,-1081,-99,3541,101
152,152,676,0,2026,2026,5,-947,-99,3505,101
152,152,677,0,2027,2027,5,382,-99,3517,101
152,152,678,0,2027,2027,5,536,-99,3500,101
152,152,679,0,2027,2027,5,908,-99,3427,101
152,152,680,0,2027,2027,5,1031,-99,3475,101
152,152,681,0,2027,2027,5,1094,-99,4978,101
152,152,682,0,2027,2027,5,963,-99,5064,101
152,152,683,0,2027,2027,5,440,-99,5110,101
152,152,684,0,2027,2027,5,302,-99,5110,101
152,152,685,0,2027,2027,5,-430,-99,5119,101
152,152,686,0,2027,2027,5,-550,-99,5118,101
152,152,687,0,2027,2027,5,-936,-99,5117,101
152,152,688,0,2027,2027,5,-1064,-99,5062,101
153,153,1,0,735,735,5,3309,0,3242,250
153,153,2,0,735,735,5,1186,0,1143,250
153,153,3,0,735,735,5,2665,0,1410,250
153,153,4,0,735,735,5,1021,0,2377,250
153,153,5,0,735,735,5,3521,0,4874,250
153,153,6,0,735,735,5,2653,0,7214,250
153,153,7,0,735,735,5,1066,0,7556,250
153,153,8,0,735,735,5,1177,0,6121,250
153,153,9,0,735,735,5,2817,0,5567,250
153,153,10,0,735,735,5,-1077,0,6190,250
153,153,11,0,735,735,5,-1260,0,7660,250
153,153,12,0,735,735,5,-3010,0,7498,250
153,153,13,0,735,735,5,-3138,0,5110,250
153,153,14,0,735,735,5,-2408,0,4934,250
153,153,15,0,735,735,5,-2958,0,2674,250
153,153,16,0,735,735,5,-2504,0,3619,250
153,153,17,0,735,735,5,-1491,0,2349,250
153,153,18,0,735,735,5,-1403,0,1152,250
153,153,19,0,735,735,5,-3001,0,1289,250
154,154,1,0,2026,2026,5,-1542,0,756,100
154,154,2,0,2026,2026,5,-1679,0,742,100
154,154,3,0,2026,2026,5,-1551,0,1508,100
154,154,4,0,2026,2026,5,-1675,0,1507,100
154,154,5,0,2026,2026,5,-1263,0,767,100
154,154,6,0,2026,2026,5,-1127,0,761,100
154,154,7,0,2026,2026,5,-887,0,727,100
154,154,8,0,2026,2026,5,-761,0,809,100
154,154,9,0,2026,2026,5,-768,0,1082,100
154,154,10,0,2026,2026,5,-776,0,1236,100
154,154,11,0,2026,2026,5,-793,0,1507,100
154,154,12,0,2026,2026,5,-913,0,1539,100
154,154,13,0,2026,2026,5,-1187,0,1538,100
154,154,14,0,2026,2026,5,-1306,0,1526,100
154,154,15,0,2026,2026,5,-1697,0,1030,100
154,154,16,0,2026,2026,5,-1695,0,1186,100
154,154,17,0,2026,2026,5,-1453,0,1071,100
154,154,18,0,2026,2026,5,-1486,0,1216,100
154,154,19,0,2026,2026,5,-1010,0,1253,100
154,154,20,0,2026,2026,5,-1017,0,1103,100
154,154,21,0,2026,2026,5,-1252,0,1168,100
154,154,22,0,2026,2026,5,-916,0,2249,100
154,154,23,0,2026,2026,5,-799,0,2290,100
154,154,24,0,2026,2026,5,-963,0,2607,100
154,154,25,0,2026,2026,5,-834,0,2601,100
154,154,26,0,2026,2026,5,-1162,0,2332,100
154,154,27,0,2026,2026,5,-1299,0,2285,100
154,154,28,0,2026,2026,5,-1555,0,2269,100
154,154,29,0,2026,2026,5,-1680,0,2287,100
154,154,30,0,2026,2026,5,-1619,0,2649,100
154,154,31,0,2026,2026,5,-1715,0,2767,100
154,154,32,0,2026,2026,5,-1354,0,2663,100
154,154,33,0,2026,2026,5,-1218,0,2658,100
154,154,34,0,2026,2026,5,-3309,0,1104,100
154,154,35,0,2026,2026,5,-3164,0,1040,100
154,154,36,0,2026,2026,5,-2925,0,909,100
154,154,37,0,2026,2026,5,-2803,0,830,100
154,154,38,0,2026,2026,5,-2511,0,856,100
154,154,39,0,2026,2026,5,-2385,0,896,100
154,154,40,0,2026,2026,5,-3270,0,1570,100
154,154,41,0,2026,2026,5,-3125,0,1574,100
154,154,42,0,2026,2026,5,-3277,0,2339,100
154,154,43,0,2026,2026,5,-3257,0,2196,100
154,154,44,0,2026,2026,5,-2270,0,1328,100
154,154,45,0,2026,2026,5,-2274,0,1185,100
154,154,46,0,2026,2026,5,-2350,0,1565,100
154,154,47,0,2026,2026,5,-2474,0,1570,100
154,154,48,0,2026,2026,5,-2734,0,1576,100
154,154,49,0,2026,2026,5,-2862,0,1584,100
154,154,50,0,2026,2026,5,-3261,0,1326,100
154,154,51,0,2026,2026,5,-3120,0,1310,100
154,154,52,0,2026,2026,5,-2561,0,1171,100
154,154,53,0,2026,2026,5,-2552,0,1298,100
154,154,54,0,2026,2026,5,-2861,0,1182,100
154,154,55,0,2026,2026,5,-2850,0,1323,100
154,154,56,0,2026,2026,5,-3372,0,2603,100
154,154,57,0,2026,2026,5,-3389,0,2751,100
154,154,58,0,2026,2026,5,-3249,0,2981,100
154,154,59,0,2026,2026,5,-3187,0,3087,100
154,154,60,0,2026,2026,5,-3080,0,3373,100
154,154,61,0,2026,2026,5,-3119,0,3501,100
154,154,62,0,2026,2026,5,-3335,0,3860,100
154,154,63,0,2026,2026,5,-3481,0,3893,100
154,154,64,0,2026,2026,5,-3937,0,3903,100
154,154,65,0,2026,2026,5,-3804,0,3897,100
154,154,66,0,2026,2026,5,-2066,0,3419,100
154,154,67,0,2026,2026,5,-2044,0,3548,100
154,154,68,0,2026,2026,5,-1950,0,3798,100
154,154,69,0,2026,2026,5,-2105,0,3822,100
154,154,70,0,2026,2026,5,-2393,0,3842,100
154,154,71,0,2026,2026,5,-2523,0,3833,100
154,154,72,0,2026,2026,5,-2814,0,3844,100
154,154,73,0,2026,2026,5,-2963,0,3858,100
154,154,74,0,2026,2026,5,-2394,0,3432,100
154,154,75,0,2026,2026,5,-2423,0,3563,100
154,154,76,0,2026,2026,5,-2760,0,3443,100
154,154,77,0,2026,2026,5,-2799,0,3572,100
154,154,78,0,2026,2026,5,-2307,0,2959,100
154,154,79,0,2026,2026,5,-2315,0,2828,100
154,154,80,0,2026,2026,5,-2318,0,2443,100
154,154,81,0,2026,2026,5,-2320,0,2321,100
154,154,82,0,2026,2026,5,-2618,0,3108,100
154,154,83,0,2026,2026,5,-2487,0,3166,100
154,154,84,0,2026,2026,5,-2850,0,3163,100
154,154,85,0,2026,2026,5,-2939,0,3049,100
154,154,86,0,2026,2026,5,-3072,0,2751,100
154,154,87,0,2026,2026,5,-3062,0,2629,100
154,154,88,0,2026,2026,5,-3003,0,2363,100
154,154,89,0,2026,2026,5,-2914,0,2263,100
154,154,90,0,2026,2026,5,-2595,0,2817,100
154,154,91,0,2026,2026,5,-2735,0,2800,100
154,154,92,0,2026,2026,5,-2589,0,2391,100
154,154,93,0,2026,2026,5,-2678,0,2265,100
154,154,94,0,2026,2026,5,-2792,0,2550,100
154,154,95,0,2027,2027,5,855,0,915,100
154,154,96,0,2027,2027,5,993,0,894,100
154,154,97,0,2027,2027,5,1244,0,871,100
154,154,98,0,2027,2027,5,1378,0,880,100
154,154,99,0,2027,2027,5,1591,0,864,100
154,154,100,0,2027,2027,5,1736,0,925,100
154,154,101,0,2027,2027,5,1693,0,1536,100
154,154,102,0,2027,2027,5,1561,0,1530,100
154,154,103,0,2027,2027,5,1300,0,1526,100
154,154,104,0,2027,2027,5,1180,0,1519,100
154,154,105,0,2027,2027,5,915,0,1526,100
154,154,106,0,2027,2027,5,771,0,1524,100
154,154,107,0,2027,2027,5,1621,0,1290,100
154,154,108,0,2027,2027,5,1629,0,1161,100
154,154,109,0,2027,2027,5,1347,0,1282,100
154,154,110,0,2027,2027,5,1348,0,1161,100
154,154,111,0,2027,2027,5,1102,0,1142,100
154,154,112,0,2027,2027,5,820,0,1280,100
154,154,113,0,2027,2027,5,827,0,1148,100
154,154,114,0,2027,2027,5,906,0,2657,100
154,154,115,0,2027,2027,5,788,0,2564,100
154,154,116,0,2027,2027,5,749,0,2310,100
154,154,117,0,2027,2027,5,862,0,2230,100
154,154,118,0,2027,2027,5,1126,0,2204,100
154,154,119,0,2027,2027,5,1266,0,2208,100
154,154,120,0,2027,2027,5,1544,0,2196,100
154,154,121,0,2027,2027,5,1682,0,2273,100
154,154,122,0,2027,2027,5,1202,0,2681,100
154,154,123,0,2027,2027,5,1324,0,2692,100
154,154,124,0,2027,2027,5,1597,0,2709,100
154,154,125,0,2027,2027,5,1688,0,2606,100
154,154,126,0,2027,2027,5,1097,0,2493,100
154,154,127,0,2027,2027,5,1107,0,2389,100
154,154,128,0,2027,2027,5,1403,0,2520,100
154,154,129,0,2027,2027,5,1415,0,2388,100
154,154,130,0,2027,2027,5,2242,0,847,100
154,154,131,0,2027,2027,5,2229,0,977,100
154,154,132,0,2027,2027,5,2301,0,1262,100
154,154,133,0,2027,2027,5,2212,0,1371,100
154,154,134,0,2027,2027,5,2362,0,1567,100
154,154,135,0,2027,2027,5,2502,0,1554,100
154,154,136,0,2027,2027,5,2744,0,1537,100
154,154,137,0,2027,2027,5,2865,0,1540,100
154,154,138,0,2027,2027,5,2498,0,930,100
154,154,139,0,2027,2027,5,2498,0,1068,100
154,154,140,0,2027,2027,5,2602,0,1282,100
154,154,141,0,2027,2027,5,2749,0,1265,100
154,154,142,0,2027,2027,5,2765,0,943,100
154,154,143,0,2027,2027,5,2768,0,794,100
154,154,144,0,2027,2027,5,1120,0,1268,100
154,154,145,0,2027,2027,5,3259,0,1579,100
154,154,146,0,2027,2027,5,3121,0,1578,100
154,154,147,0,2027,2027,5,2004,0,3328,100
154,154,148,0,2027,2027,5,2031,0,3445,100
154,154,149,0,2027,2027,5,2005,0,3785,100
154,154,150,0,2027,2027,5,2140,0,3786,100
154,154,151,0,2027,2027,5,3896,0,3923,100
154,154,152,0,2027,2027,5,3876,0,3801,100
154,154,153,0,2027,2027,5,3881,0,3503,100
154,154,154,0,2027,2027,5,3878,0,3357,100
154,154,155,0,2027,2027,5,3535,0,3818,100
154,154,156,0,2027,2027,5,3396,0,3804,100
154,154,157,0,2027,2027,5,3125,0,3808,100
154,154,158,0,2027,2027,5,2993,0,3804,100
154,154,159,0,2027,2027,5,2710,0,3817,100
154,154,160,0,2027,2027,5,2559,0,3812,100
154,154,161,0,2027,2027,5,2342,0,3612,100
154,154,162,0,2027,2027,5,2338,0,3495,100
154,154,163,0,2027,2027,5,3776,0,3132,100
154,154,164,0,2027,2027,5,3705,0,3029,100
154,154,165,0,2027,2027,5,3477,0,2856,100
154,154,166,0,2027,2027,5,3342,0,2816,100
154,154,167,0,2027,2027,5,3248,0,2588,100
154,154,168,0,2027,2027,5,3266,0,2474,100
154,154,169,0,2027,2027,5,3222,0,2191,100
154,154,170,0,2027,2027,5,3091,0,2180,100
154,154,171,0,2027,2027,5,2819,0,2189,100
154,154,172,0,2027,2027,5,2704,0,2186,100
154,154,173,0,2027,2027,5,2400,0,2195,100
154,154,174,0,2027,2027,5,2276,0,2250,100
154,154,175,0,2027,2027,5,2204,0,2527,100
154,154,176,0,2027,2027,5,2182,0,2642,100
154,154,177,0,2027,2027,5,2180,0,2890,100
154,154,178,0,2027,2027,5,2187,0,3063,100
154,154,179,0,2027,2027,5,2508,0,2536,100
154,154,180,0,2027,2027,5,2620,0,2520,100
154,154,181,0,2027,2027,5,2877,0,2526,100
154,154,182,0,2027,2027,5,2997,0,2560,100
154,154,183,0,2027,2027,5,2508,0,2794,100
154,154,184,0,2027,2027,5,2500,0,2921,100
154,154,185,0,2027,2027,5,2772,0,2812,100
154,154,186,0,2027,2027,5,2791,0,2938,100
154,154,187,0,2027,2027,5,3057,0,2797,100
154,154,188,0,2027,2027,5,3070,0,2920,100
154,154,189,0,2027,2027,5,2405,0,3222,100
154,154,190,0,2027,2027,5,2528,0,3252,100
154,154,191,0,2027,2027,5,2586,0,3511,100
154,154,192,0,2027,2027,5,2718,0,3514,100
154,154,193,0,2027,2027,5,2984,0,3544,100
154,154,194,0,2027,2027,5,3113,0,3506,100
154,154,195,0,2027,2027,5,3466,0,3528,100
154,154,196,0,2027,2027,5,3564,0,3428,100
154,154,197,0,2027,2027,5,3429,0,3131,100
154,154,198,0,2027,2027,5,3323,0,3234,100
154,154,199,0,2027,2027,5,3016,0,3229,100
154,154,200,0,2027,2027,5,2868,0,3240,100
154,154,201,0,2028,2028,5,1974,0,4760,100
154,154,202,0,2028,2028,5,2086,0,4680,100
154,154,203,0,2028,2028,5,2341,0,4653,100
154,154,204,0,2028,2028,5,2466,0,4651,100
154,154,205,0,2028,2028,5,2724,0,4616,100
154,154,206,0,2028,2028,5,2867,0,4608,100
154,154,207,0,2028,2028,5,3126,0,4601,100
154,154,208,0,2028,2028,5,3254,0,4608,100
154,154,209,0,2028,2028,5,3552,0,4646,100
154,154,210,0,2028,2028,5,3657,0,4617,100
154,154,211,0,2028,2028,5,3777,0,4943,100
154,154,212,0,2028,2028,5,3688,0,5051,100
154,154,213,0,2028,2028,5,3514,0,5493,100
154,154,214,0,2028,2028,5,3522,0,5346,100
154,154,215,0,2028,2028,5,2119,0,4981,100
154,154,216,0,2028,2028,5,2113,0,5116,100
154,154,217,0,2028,2028,5,2204,0,5553,100
154,154,218,0,2028,2028,5,2205,0,5687,100
154,154,219,0,2028,2028,5,2378,0,6313,100
154,154,220,0,2028,2028,5,2519,0,6340,100
154,154,221,0,2028,2028,5,2237,0,7166,100
154,154,222,0,2028,2028,5,2234,0,7310,100
154,154,223,0,2028,2028,5,2333,0,7673,100
154,154,224,0,2028,2028,5,2207,0,7640,100
154,154,225,0,2028,2028,5,2329,0,7954,100
154,154,226,0,2028,2028,5,2295,0,8102,100
154,154,227,0,2028,2028,5,2727,0,8039,100
154,154,228,0,2028,2028,5,2646,0,7915,100
154,154,229,0,2028,2028,5,2818,0,6372,100
154,154,230,0,2028,2028,5,2952,0,6368,100
154,154,231,0,2028,2028,5,3176,0,6248,100
154,154,232,0,2028,2028,5,3267,0,6166,100
154,154,233,0,2028,2028,5,3293,0,5873,100
154,154,234,0,2028,2028,5,3311,0,5739,100
154,154,235,0,2028,2028,5,2464,0,4927,100
154,154,236,0,2028,2028,5,2473,0,5074,100
154,154,237,0,2028,2028,5,2803,0,4891,100
154,154,238,0,2028,2028,5,2864,0,5002,100
154,154,239,0,2028,2028,5,3139,0,5020,100
154,154,240,0,2028,2028,5,3141,0,5154,100
154,154,241,0,2028,2028,5,3456,0,4906,100
154,154,242,0,2028,2028,5,3326,0,4839,100
154,154,243,0,2028,2028,5,2314,0,5324,100
154,154,244,0,2028,2028,5,2742,0,5362,100
154,154,245,0,2028,2028,5,2757,0,5537,100
154,154,246,0,2028,2028,5,3121,0,5426,100
154,154,247,0,2028,2028,5,3070,0,5565,100
154,154,248,0,2028,2028,5,2447,0,5413,100
154,154,249,0,2028,2028,5,2975,0,5906,100
154,154,250,0,2028,2028,5,2992,0,6047,100
154,154,251,0,2028,2028,5,2722,0,6075,100
154,154,252,0,2028,2028,5,2563,0,6082,100
154,154,253,0,2028,2028,5,2479,0,5754,100
154,154,254,0,2028,2028,5,2619,0,5793,100
154,154,255,0,2028,2028,5,2299,0,5979,100
154,154,256,0,2028,2028,5,2222,0,6105,100
154,154,257,0,2028,2028,5,3214,0,7006,100
154,154,258,0,2028,2028,5,3219,0,7157,100
154,154,259,0,2028,2028,5,2859,0,7007,100
154,154,260,0,2028,2028,5,2871,0,7163,100
154,154,261,0,2028,2028,5,2493,0,6976,100
154,154,262,0,2028,2028,5,2486,0,7111,100
154,154,263,0,2028,2028,5,2698,0,7391,100
154,154,264,0,2028,2028,5,2562,0,7451,100
154,154,265,0,2028,2028,5,947,0,8050,100
154,154,266,0,2028,2028,5,945,0,7919,100
154,154,267,0,2028,2028,5,925,0,7592,100
154,154,268,0,2028,2028,5,929,0,7474,100
154,154,269,0,2028,2028,5,913,0,7178,100
154,154,270,0,2028,2028,5,903,0,7036,100
154,154,271,0,2028,2028,5,1194,0,8047,100
154,154,272,0,2028,2028,5,1320,0,8029,100
154,154,273,0,2028,2028,5,1579,0,7968,100
154,154,274,0,2028,2028,5,1692,0,7871,100
154,154,275,0,2028,2028,5,1714,0,7595,100
154,154,276,0,2028,2028,5,1720,0,7464,100
154,154,277,0,2028,2028,5,1707,0,7183,100
154,154,278,0,2028,2028,5,1714,0,7022,100
154,154,279,0,2028,2028,5,1140,0,7047,100
154,154,280,0,2028,2028,5,1147,0,7182,100
154,154,281,0,2028,2028,5,1200,0,7516,100
154,154,282,0,2028,2028,5,1222,0,7668,100
154,154,283,0,2028,2028,5,1476,0,7606,100
154,154,284,0,2028,2028,5,1506,0,7484,100
154,154,285,0,2028,2028,5,1412,0,7142,100
154,154,286,0,2028,2028,5,1420,0,7003,100
154,154,287,0,2028,2028,5,817,0,6318,100
154,154,288,0,2028,2028,5,815,0,6185,100
154,154,289,0,2028,2028,5,818,0,5880,100
154,154,290,0,2028,2028,5,977,0,5873,100
154,154,291,0,2028,2028,5,1271,0,5856,100
154,154,292,0,2028,2028,5,1407,0,5816,100
154,154,293,0,2028,2028,5,1104,0,6327,100
154,154,294,0,2028,2028,5,1235,0,6331,100
154,154,295,0,2028,2028,5,1544,0,6327,100
154,154,296,0,2028,2028,5,1635,0,6212,100
154,154,297,0,2028,2028,5,1176,0,6092,100
154,154,298,0,2028,2028,5,1318,0,6088,100
154,154,299,0,2028,2028,5,1682,0,5943,100
154,154,300,0,2028,2028,5,1690,0,5806,100
154,154,301,0,2028,2028,5,-800,0,8048,100
154,154,302,0,2028,2028,5,-800,0,7909,100
154,154,303,0,2028,2028,5,-809,0,7637,100
154,154,304,0,2028,2028,5,-797,0,7508,100
154,154,305,0,2028,2028,5,-785,0,7189,100
154,154,306,0,2028,2028,5,-773,0,7041,100
154,154,307,0,2028,2028,5,-1087,0,8043,100
154,154,308,0,2028,2028,5,-1210,0,8023,100
154,154,309,0,2028,2028,5,-1489,0,7922,100
154,154,310,0,2028,2028,5,-1587,0,7843,100
154,154,311,0,2028,2028,5,-1062,0,7035,100
154,154,312,0,2028,2028,5,-1200,0,7002,100
154,154,313,0,2028,2028,5,-1470,0,7032,100
154,154,314,0,2028,2028,5,-1623,0,7067,100
154,154,315,0,2028,2028,5,-1700,0,7396,100
154,154,316,0,2028,2028,5,-1704,0,7537,100
154,154,317,0,2028,2028,5,-1340,0,7332,100
154,154,318,0,2028,2028,5,-1209,0,7315,100
154,154,319,0,2028,2028,5,-1017,0,7464,100
154,154,320,0,2028,2028,5,-1045,0,7578,100
154,154,321,0,2028,2028,5,-1378,0,7612,100
154,154,322,0,2028,2028,5,-1299,0,7726,100
154,154,323,0,2028,2028,5,-776,0,6299,100
154,154,324,0,2028,2028,5,-778,0,6176,100
154,154,325,0,2028,2028,5,-840,0,5901,100
154,154,326,0,2028,2028,5,-973,0,5861,100
154,154,327,0,2028,2028,5,-1216,0,5802,100
154,154,328,0,2028,2028,5,-1377,0,5793,100
154,154,329,0,2028,2028,5,-1014,0,6265,100
154,154,330,0,2028,2028,5,-2443,0,6327,100
154,154,331,0,2028,2028,5,-1484,0,6338,100
154,154,332,0,2028,2028,5,-1621,0,6338,100
154,154,333,0,2028,2028,5,-1701,0,5798,100
154,154,334,0,2028,2028,5,-1691,0,5956,100
154,154,335,0,2028,2028,5,-1209,0,6074,100
154,154,336,0,2028,2028,5,-1345,0,6077,100
154,154,337,0,2028,2028,5,-3897,0,4746,100
154,154,338,0,2028,2028,5,-3808,0,4813,100
154,154,339,0,2028,2028,5,-3517,0,4755,100
154,154,340,0,2028,2028,5,-3388,0,4711,100
154,154,341,0,2028,2028,5,-3130,0,4656,100
154,154,342,0,2028,2028,5,-3003,0,4621,100
154,154,343,0,2028,2028,5,-2726,0,4605,100
154,154,344,0,2028,2028,5,-2604,0,4610,100
154,154,345,0,2028,2028,5,-2354,0,4604,100
154,154,346,0,2028,2028,5,-2273,0,4620,100
154,154,347,0,2028,2028,5,-2005,0,4689,100
154,154,348,0,2028,2028,5,-1996,0,4818,100
154,154,349,0,2028,2028,5,-3638,0,5225,100
154,154,350,0,2028,2028,5,-3611,0,5364,100
154,154,351,0,2028,2028,5,-3419,0,5645,100
154,154,352,0,2028,2028,5,-3319,0,5750,100
154,154,353,0,2028,2028,5,-2032,0,5110,100
154,154,354,0,2028,2028,5,-2085,0,5233,100
154,154,355,0,2028,2028,5,-2278,0,5507,100
154,154,356,0,2028,2028,5,-2273,0,5647,100
154,154,357,0,2028,2028,5,-2280,0,5946,100
154,154,358,0,2028,2028,5,-2279,0,6087,100
154,154,359,0,2028,2028,5,-3260,0,6086,100
154,154,360,0,2028,2028,5,-3244,0,6203,100
154,154,361,0,2028,2028,5,-3187,0,7071,100
154,154,362,0,2028,2028,5,-3212,0,7222,100
154,154,363,0,2028,2028,5,-3122,0,7567,100
154,154,364,0,2028,2028,5,-3063,0,7714,100
154,154,365,0,2028,2028,5,-3008,0,6330,100
154,154,366,0,2028,2028,5,-2868,0,6315,100
154,154,367,0,2028,2028,5,-2588,0,6330,100
154,154,368,0,2028,2028,5,-2582,0,6054,100
154,154,369,0,2028,2028,5,-2599,0,5936,100
154,154,370,0,2028,2028,5,-2959,0,6050,100
154,154,371,0,2028,2028,5,-2970,0,5923,100
154,154,372,0,2028,2028,5,-2992,0,5609,100
154,154,373,0,2028,2028,5,-2872,0,5606,100
154,154,374,0,2028,2028,5,-2600,0,5636,100
154,154,375,0,2028,2028,5,-2579,0,5500,100
154,154,376,0,2028,2028,5,-2339,0,5193,100
154,154,377,0,2028,2028,5,-2315,0,5076,100
154,154,378,0,2028,2028,5,-2450,0,4842,100
154,154,379,0,2028,2028,5,-2569,0,4888,100
154,154,380,0,2028,2028,5,-2857,0,4896,100
154,154,381,0,2028,2028,5,-2980,0,4874,100
154,154,382,0,2028,2028,5,-3236,0,4937,100
154,154,383,0,2028,2028,5,-3376,0,4971,100
154,154,384,0,2028,2028,5,-3340,0,5289,100
154,154,385,0,2028,2028,5,-3238,0,5379,100
154,154,386,0,2028,2028,5,-2992,0,5253,100
154,154,387,0,2028,2028,5,-3043,0,5134,100
154,154,388,0,2028,2028,5,-2662,0,5231,100
154,154,389,0,2028,2028,5,-2731,0,5110,100
154,154,390,0,2028,2028,5,-2918,0,6989,100
154,154,391,0,2028,2028,5,-2795,0,6999,100
154,154,392,0,2028,2028,5,-2456,0,7024,100
154,154,393,0,2028,2028,5,-2338,0,7119,100
154,154,394,0,2028,2028,5,-2304,0,7625,100
154,154,395,0,2028,2028,5,-2291,0,7476,100
154,154,396,0,2028,2028,5,-2358,0,7964,100
154,154,397,0,2028,2028,5,-2490,0,7940,100
154,154,398,0,2028,2028,5,-2778,0,7803,100
154,154,399,0,2028,2028,5,-2749,0,7673,100
154,154,400,0,2028,2028,5,-2864,0,7237,100
154,154,401,0,2028,2028,5,-2895,0,7388,100
154,154,402,0,2028,2028,5,-2582,0,7395,100
154,154,403,0,2028,2028,5,-2554,0,7278,100
154,154,404,0,2028,2028,1,-1233,0,1321,15
154,154,405,0,2026,2026,1,-905,0,1381,15
154,154,406,0,2028,2028,1,-1575,0,1367,15
154,154,407,0,2026,2026,1,-1546,0,921,15
154,154,408,0,2028,2028,1,-1178,0,936,15
154,154,409,0,2027,2027,1,-872,0,925,15
154,154,410,0,2028,2028,1,-1617,0,2471,15
154,154,411,0,2026,2026,1,-1324,0,2496,15
154,154,412,0,2027,2027,1,-942,0,2452,15
154,154,413,0,2027,2027,1,-3053,0,1434,15
154,154,414,0,2026,2026,1,-3092,0,1169,15
154,154,415,0,2026,2026,1,-2758,0,985,15
154,154,416,0,2028,2028,1,-2695,0,1411,15
154,154,417,0,2027,2027,1,-2403,0,1386,15
154,154,418,0,2026,2026,1,-2348,0,1048,15
154,154,419,0,2027,2027,1,-2696,0,1232,15
154,154,420,0,2026,2026,1,-3123,0,2260,15
154,154,421,0,2027,2027,1,-2768,0,2369,15
154,154,422,0,2026,2026,1,-2443,0,2329,15
154,154,423,0,2027,2027,1,-2317,0,2648,15
154,154,424,0,2026,2026,1,-2649,0,2667,15
154,154,425,0,2027,2027,1,-3227,0,2761,15
154,154,426,0,2027,2027,1,-3084,0,2951,15
154,154,427,0,2028,2028,1,-2780,0,2994,15
154,154,428,0,2028,2028,1,-2216,0,3112,15
154,154,429,0,2027,2027,1,-2896,0,3405,15
154,154,430,0,2027,2027,1,-2570,0,3457,15
154,154,431,0,2026,2026,1,-2199,0,3479,15
154,154,432,0,2026,2026,1,-2236,0,3791,15
154,154,433,0,2026,2026,1,-2665,0,3869,15
154,154,434,0,2026,2026,1,-3199,0,3834,15
154,154,435,0,2026,2026,1,-3657,0,3885,15
154,154,436,0,2026,2026,1,1505,0,977,15
154,154,437,0,2027,2027,1,992,0,1035,15
154,154,438,0,2026,2026,1,1295,0,1002,15
154,154,439,0,2027,2027,1,963,0,1215,15
154,154,440,0,2026,2026,1,1494,0,1246,15
154,154,441,0,2026,2026,1,959,0,1411,15
154,154,442,0,2027,2027,1,1237,0,1405,15
154,154,443,0,2028,2028,1,1455,0,1472,15
154,154,444,0,2027,2027,1,766,0,2446,15
154,154,445,0,2028,2028,1,986,0,2221,15
154,154,446,0,2028,2028,1,1054,0,2692,15
154,154,447,0,2027,2027,1,1275,0,2449,15
154,154,448,0,2027,2027,1,1505,0,2688,15
154,154,449,0,2026,2026,1,1572,0,2411,15
154,154,450,0,2028,2028,1,1389,0,2153,15
154,154,451,0,2028,2028,1,2224,0,1147,15
154,154,452,0,2026,2026,1,2369,0,864,15
154,154,453,0,2028,2028,1,2632,0,992,15
154,154,454,0,2028,2028,1,2805,0,1106,15
154,154,455,0,2027,2027,1,2694,0,1405,15
154,154,456,0,2028,2028,1,2375,0,1411,15
154,154,457,0,2027,2027,1,2988,0,1426,15
154,154,458,0,2028,2028,1,2250,0,2379,15
154,154,459,0,2028,2028,1,2545,0,2166,15
154,154,460,0,2026,2026,1,2994,0,2161,15
154,154,461,0,2028,2028,1,3299,0,2355,15
154,154,462,0,2026,2026,1,2742,0,2368,15
154,154,463,0,2027,2027,1,2371,0,2708,15
154,154,464,0,2027,2027,1,2753,0,2682,15
154,154,465,0,2028,2028,1,3154,0,2692,15
154,154,466,0,2027,2027,1,3247,0,2967,15
154,154,467,0,2027,2027,1,2926,0,2898,15
154,154,468,0,2028,2028,1,2638,0,2908,15
154,154,469,0,2026,2026,1,2536,0,3126,15
154,154,470,0,2027,2027,1,2676,0,3362,15
154,154,471,0,2028,2028,1,2183,0,3381,15
154,154,472,0,2026,2026,1,3164,0,3128,15
154,154,473,0,2027,2027,1,3234,0,3360,15
154,154,474,0,2027,2027,1,3665,0,3256,15
154,154,475,0,2026,2026,1,3769,0,3621,15
154,154,476,0,2028,2028,1,3692,0,3787,15
154,154,477,0,2027,2027,1,3338,0,3641,15
154,154,478,0,2027,2027,1,2859,0,3810,15
154,154,479,0,2027,2027,1,2332,0,3771,15
154,154,480,0,2027,2027,1,2073,0,3601,15
154,154,481,0,2027,2027,1,3843,0,4612,15
154,154,482,0,2028,2028,1,3372,0,4590,15
154,154,483,0,2026,2026,1,2996,0,4618,15
154,154,484,0,2027,2027,1,2603,0,4655,15
154,154,485,0,2028,2028,1,2233,0,4707,15
154,154,486,0,2026,2026,1,2318,0,5029,15
154,154,487,0,2028,2028,1,2636,0,5000,15
154,154,488,0,2028,2028,1,3104,0,4877,15
154,154,489,0,2028,2028,1,3691,0,4877,15
154,154,490,0,2028,2028,1,3597,0,5216,15
154,154,491,0,2028,2028,1,3285,0,5318,15
154,154,492,0,2028,2028,1,2913,0,5224,15
154,154,493,0,2027,2027,1,2416,0,5247,15
154,154,494,0,2027,2027,1,2354,0,5543,15
154,154,495,0,2027,2027,1,2958,0,5612,15
154,154,496,0,2026,2026,1,3176,0,5774,15
154,154,497,0,2027,2027,1,2792,0,5850,15
154,154,498,0,2027,2027,1,2450,0,5927,15
154,154,499,0,2027,2027,1,2650,0,6231,15
154,154,500,0,2026,2026,1,2355,0,6184,15
154,154,501,0,2026,2026,1,2231,0,6314,15
154,154,502,0,2027,2027,1,3123,0,6425,15
154,154,503,0,2026,2026,1,2785,0,5696,15
154,154,504,0,2028,2028,1,3065,0,7079,15
154,154,505,0,2026,2026,1,2674,0,7085,15
154,154,506,0,2026,2026,1,2256,0,7025,15
154,154,507,0,2028,2028,1,2248,0,7501,15
154,154,508,0,2026,2026,1,2401,0,7338,15
154,154,509,0,2026,2026,1,2479,0,7907,15
154,154,510,0,2026,2026,1,2635,0,7646,15
154,154,511,0,2028,2028,1,2897,0,7335,15
154,154,512,0,2028,2028,1,1704,0,5679,15
154,154,513,0,2028,2028,1,1696,0,6087,15
154,154,514,0,2026,2026,1,1405,0,6214,15
154,154,515,0,2028,2028,1,996,0,6058,15
154,154,516,0,2027,2027,1,971,0,6334,15
154,154,517,0,2026,2026,1,789,0,5763,15
154,154,518,0,2027,2027,1,841,0,7988,15
154,154,519,0,2027,2027,1,834,0,7507,15
154,154,520,0,2027,2027,1,802,0,7090,15
154,154,521,0,2027,2027,1,1242,0,7090,15
154,154,522,0,2026,2026,1,1335,0,7596,15
154,154,523,0,2026,2026,1,1219,0,7897,15
154,154,524,0,2027,2027,1,1694,0,8043,15
154,154,525,0,2027,2027,1,1697,0,7713,15
154,154,526,0,2027,2027,1,1666,0,7301,15
154,154,527,0,2026,2026,1,-943,0,8015,15
154,154,528,0,2026,2026,1,-1359,0,7979,15
154,154,529,0,2027,2027,1,-807,0,7773,15
154,154,530,0,2026,2026,1,-1182,0,7830,15
154,154,531,0,2028,2028,1,-1206,0,7495,15
154,154,532,0,2026,2026,1,-844,0,7334,15
154,154,533,0,2028,2028,1,-914,0,7012,15
154,154,534,0,2027,2027,1,-1297,0,7093,15
154,154,535,0,2027,2027,1,-1606,0,7245,15
154,154,536,0,2026,2026,1,-1547,0,7479,15
154,154,537,0,2026,2026,1,-1701,0,7708,15
154,154,538,0,2026,2026,1,-1509,0,7757,15
154,154,539,0,2027,2027,1,-1089,0,7244,15
154,154,540,0,2028,2028,1,-892,0,6348,15
154,154,541,0,2028,2028,1,-1371,0,6383,15
154,154,542,0,2028,2028,1,-1568,0,6163,15
154,154,543,0,2026,2026,1,-831,0,6034,15
154,154,544,0,2026,2026,1,-1094,0,5842,15
154,154,545,0,2026,2026,1,-1014,0,6080,15
154,154,546,0,2028,2028,1,-1303,0,5963,15
154,154,547,0,2026,2026,1,-1251,0,6230,15
154,154,548,0,2027,2027,1,-1742,0,5641,15
154,154,549,0,2027,2027,1,-3134,0,6946,15
154,154,550,0,2026,2026,1,-2593,0,6920,15
154,154,551,0,2026,2026,1,-2216,0,7129,15
154,154,552,0,2027,2027,1,-2368,0,7364,15
154,154,553,0,2027,2027,1,-2619,0,7100,15
154,154,554,0,2028,2028,1,-3043,0,7167,15
154,154,555,0,2028,2028,1,-3170,0,7403,15
154,154,556,0,2026,2026,1,-2971,0,7876,15
154,154,557,0,2027,2027,1,-2881,0,7615,15
154,154,558,0,2028,2028,1,-2588,0,7824,15
154,154,559,0,2026,2026,1,-2714,0,7495,15
154,154,560,0,2027,2027,1,-2227,0,8034,15
154,154,561,0,2028,2028,1,-3236,0,6359,15
154,154,562,0,2026,2026,1,-2744,0,6336,15
154,154,563,0,2028,2028,1,-2273,0,6285,15
154,154,564,0,2028,2028,1,-2168,0,6016,15
154,154,565,0,2027,2027,1,-2453,0,6020,15
154,154,566,0,2028,2028,1,-2825,0,5999,15
154,154,567,0,2026,2026,1,-3151,0,6044,15
154,154,568,0,2027,2027,1,-3310,0,5914,15
154,154,569,0,2027,2027,1,-2969,0,5747,15
154,154,570,0,2028,2028,1,-2748,0,5649,15
154,154,571,0,2028,2028,1,-2402,0,5646,15
154,154,572,0,2028,2028,1,-2244,0,5788,15
154,154,573,0,2027,2027,1,-3532,0,5517,15
154,154,574,0,2027,2027,1,-3660,0,5075,15
154,154,575,0,2028,2028,1,-3084,0,5431,15
154,154,576,0,2026,2026,1,-2893,0,5324,15
154,154,577,0,2026,2026,1,-2523,0,5241,15
154,154,578,0,2026,2026,1,-2221,0,5252,15
154,154,579,0,2028,2028,1,-1996,0,4947,15
154,154,580,0,2026,2026,1,-2147,0,4670,15
154,154,581,0,2027,2027,1,-2283,0,4902,15
154,154,582,0,2026,2026,1,-2494,0,4656,15
154,154,583,0,2026,2026,1,-2681,0,4804,15
154,154,584,0,2028,2028,1,-2888,0,4657,15
154,154,585,0,2026,2026,1,-2915,0,5110,15
154,154,586,0,2028,2028,1,-3239,0,5170,15
154,154,587,0,2028,2028,1,-3523,0,5140,15
154,154,588,0,2028,2028,1,-3511,0,4899,15
154,154,589,0,2027,2027,1,-3754,0,4955,15
154,154,590,0,2028,2028,1,-3637,0,4640,15
154,154,591,0,2027,2027,1,-1059,0,2200,15
154,154,592,0,2026,2026,1,-1452,0,2171,15
154,154,593,0,2026,2026,1,-1520,0,2829,15
154,154,594,0,2028,2028,1,-922,0,2743,15
154,154,595,0,2026,2026,1,-2946,0,2738,15
154,154,596,0,2024,2024,1,-974,0,893,40
154,154,597,0,2025,2025,1,-1497,0,1374,40
154,154,598,0,2025,2025,1,-981,0,2414,40
154,154,599,0,2025,2025,1,-1503,0,2487,40
154,154,600,0,2024,2024,1,-1262,0,1115,40
154,154,601,0,2024,2024,1,-2466,0,1405,40
154,154,602,0,2024,2024,1,-2754,0,1034,40
154,154,603,0,2024,2024,1,-3014,0,1440,40
154,154,604,0,2025,2025,1,-2463,0,2225,40
154,154,605,0,2024,2024,1,-3174,0,2528,40
154,154,606,0,2024,2024,1,-2451,0,2648,40
154,154,607,0,2025,2025,1,-3042,0,3152,40
154,154,608,0,2025,2025,1,-2516,0,3024,40
154,154,609,0,2024,2024,1,-3079,0,3735,40
154,154,610,0,2024,2024,1,-2233,0,3927,40
154,154,611,0,2024,2024,1,1559,0,1022,40
154,154,612,0,2025,2025,1,1517,0,1372,40
154,154,613,0,2025,2025,1,1029,0,1428,40
154,154,614,0,2025,2025,1,1121,0,953,40
154,154,615,0,2024,2024,1,970,0,2451,40
154,154,616,0,2025,2025,1,1562,0,2453,40
154,154,617,0,2025,2025,1,2605,0,809,40
154,154,618,0,2025,2025,1,2264,0,1118,40
154,154,619,0,2025,2025,1,2858,0,1413,40
154,154,620,0,2024,2024,1,2982,0,2300,40
154,154,621,0,2025,2025,1,2362,0,2423,40
154,154,622,0,2024,2024,1,2350,0,2891,40
154,154,623,0,2025,2025,1,3210,0,2752,40
154,154,624,0,2025,2025,1,2764,0,3086,40
154,154,625,0,2024,2024,1,3588,0,3181,40
154,154,626,0,2024,2024,1,2280,0,3366,40
154,154,627,0,2025,2025,1,2365,0,3840,40
154,154,628,0,2024,2024,1,3109,0,3676,40
154,154,629,0,2024,2024,1,3721,0,3688,40
154,154,630,0,2024,2024,1,3719,0,4798,40
154,154,631,0,2024,2024,1,3009,0,4766,40
154,154,632,0,2024,2024,1,2168,0,4837,40
154,154,633,0,2025,2025,1,2225,0,5231,40
154,154,634,0,2025,2025,1,2839,0,5249,40
154,154,635,0,2025,2025,1,3407,0,5394,40
154,154,636,0,2024,2024,1,2376,0,5566,40
154,154,637,0,2024,2024,1,2918,0,5705,40
154,154,638,0,2024,2024,1,3265,0,6017,40
154,154,639,0,2025,2025,1,2423,0,6158,40
154,154,640,0,2025,2025,1,3033,0,7019,40
154,154,641,0,2024,2024,1,2332,0,7061,40
154,154,642,0,2024,2024,1,2714,0,7564,40
154,154,643,0,2024,2024,1,2150,0,8054,40
154,154,644,0,2025,2025,1,1558,0,5825,40
154,154,645,0,2024,2024,1,1097,0,5942,40
154,154,646,0,2025,2025,1,1365,0,6286,40
154,154,647,0,2025,2025,1,1574,0,7143,40
154,154,648,0,2024,2024,1,818,0,7329,40
154,154,649,0,2024,2024,1,1526,0,7814,40
154,154,650,0,2025,2025,1,798,0,8174,40
154,154,651,0,2025,2025,1,-921,0,6109,40
154,154,652,0,2024,2024,1,-1516,0,5879,40
154,154,653,0,2025,2025,1,-963,0,7150,40
154,154,654,0,2025,2025,1,-1451,0,7229,40
154,154,655,0,2024,2024,1,-1615,0,7700,40
154,154,656,0,2024,2024,1,-1028,0,7862,40
154,154,657,0,2025,2025,1,-2169,0,4858,40
154,154,658,0,2024,2024,1,-2530,0,5086,40
154,154,659,0,2024,2024,1,-2747,0,4813,40
154,154,660,0,2024,2024,1,-3201,0,4797,40
154,154,661,0,2025,2025,1,-3983,0,4633,40
154,154,662,0,2024,2024,1,-3459,0,5431,40
154,154,663,0,2025,2025,1,-2894,0,5448,40
154,154,664,0,2025,2025,1,-2461,0,5890,40
154,154,665,0,2024,2024,1,-2807,0,6129,40
154,154,666,0,2024,2024,1,-3340,0,6339,40
154,154,667,0,2025,2025,1,-2330,0,6986,40
154,154,668,0,2024,2024,1,-3066,0,7112,40
154,154,669,0,2025,2025,1,-3231,0,7499,40
154,154,670,0,2025,2025,1,-2934,0,7898,40
154,154,671,0,2025,2025,1,-2322,0,7776,40
154,154,672,0,2024,2024,1,-2682,0,7546,40
154,154,673,0,2026,2026,5,-355,-99,3481,101
154,154,674,0,2026,2026,5,-506,-99,3503,101
154,154,675,0,2026,2026,5,-1081,-99,3541,101
154,154,676,0,2026,2026,5,-947,-99,3505,101
154,154,677,0,2027,2027,5,382,-99,3517,101
154,154,678,0,2027,2027,5,536,-99,3500,101
154,154,679,0,2027,2027,5,908,-99,3427,101
154,154,680,0,2027,2027,5,1031,-99,3475,101
154,154,681,0,2027,2027,5,1094,-99,4978,101
154,154,682,0,2027,2027,5,963,-99,5064,101
154,154,683,0,2027,2027,5,440,-99,5110,101
154,154,684,0,2027,2027,5,302,-99,5110,101
154,154,685,0,2027,2027,5,-430,-99,5119,101
154,154,686,0,2027,2027,5,-550,-99,5118,101
154,154,687,0,2027,2027,5,-936,-99,5117,101
154,154,688,0,2027,2027,5,-1064,-99,5062,101
